,id,issue_date,due_date,paid_date,paid,contact_id,total,amount_due,exchange_rate,currency,is_sale
0,90381d5a-9348-4208-915c-60b082378370,2021-01-31T00:00:00.000Z,2021-02-06T00:00:00.000Z,2021-02-06T00:00:00.000Z,True,8e81fbc4-4f33-4ae9-bf5e-a2415372e77b,174.8,0.0,1.0,GBP,True
1,e4f53ac4-3aa8-4332-9082-c6551e09d90b,2021-02-23T00:00:00.000Z,2021-02-28T00:00:00.000Z,,False,e0857d09-69cc-4608-83b8-7e2083e678a3,10000.0,0.0,1.0,GBP,True
2,3dec381c-7af5-436d-8b35-2d3a69b95f89,2021-02-28T00:00:00.000Z,2021-03-06T00:00:00.000Z,2021-03-06T00:00:00.000Z,True,8e81fbc4-4f33-4ae9-bf5e-a2415372e77b,174.8,0.0,1.0,GBP,True
3,aca26d49-abcb-4320-ac50-e0e613e34393,2021-03-07T00:00:00.000Z,2021-03-25T00:00:00.000Z,2022-04-05T00:00:00.000Z,True,cf2b417f-352e-486f-a5e0-a32cbbfa0826,848.3460164621836,0.0,1.9317,NZD,True
4,d1c5eee6-9b87-46ed-a153-0a344f242675,2021-03-14T00:00:00.000Z,2021-04-30T00:00:00.000Z,2021-04-30T00:00:00.000Z,True,d7d2b5fc-32e7-4011-94a4-2c8aa0ff9e4f,1725.0,0.0,1.0,GBP,True
5,2f861907-afa3-441b-b523-ff734f1277e5,2021-03-15T00:00:00.000Z,2021-06-06T00:00:00.000Z,2022-04-30T00:00:00.000Z,True,8f65adab-5f53-402a-a2ee-31d458304705,250.53738453494452,0.0,20.6556,ZAR,True
6,2f47cd73-4c05-475f-931a-86b0a7f976fb,2021-03-16T00:00:00.000Z,2021-06-02T00:00:00.000Z,2021-04-09T00:00:00.000Z,True,a9797cb2-4805-4528-bbcb-fdb94368bee6,267.80862680156287,0.0,1.93235,NZD,True
7,0222b396-f017-4a90-ad5b-4a8e241d4afc,2021-03-31T00:00:00.000Z,2021-04-06T00:00:00.000Z,2021-04-06T00:00:00.000Z,True,8e81fbc4-4f33-4ae9-bf5e-a2415372e77b,174.8,0.0,1.0,GBP,True
8,0a84fa97-263c-4186-add7-1a56bd59e71c,2021-04-07T00:00:00.000Z,2021-04-25T00:00:00.000Z,2022-04-25T00:00:00.000Z,True,cf2b417f-352e-486f-a5e0-a32cbbfa0826,836.4255345212149,0.0,1.95923,NZD,True
9,4b7eb893-c128-4c15-ba05-1bda2e1b9dfa,2021-04-14T00:00:00.000Z,2021-05-30T00:00:00.000Z,2021-05-30T00:00:00.000Z,True,d7d2b5fc-32e7-4011-94a4-2c8aa0ff9e4f,1725.0,0.0,1.0,GBP,True
10,2f640119-91a2-4570-ac97-aa9f3a5e8574,2021-04-18T00:00:00.000Z,2021-04-30T00:00:00.000Z,2021-04-30T00:00:00.000Z,True,ffb145b0-8504-42da-b03d-4c4a573fd521,5750.0,0.0,1.0,GBP,True
11,eb59789d-a21e-4628-a774-17a3bf38607b,2021-04-30T00:00:00.000Z,2021-05-06T00:00:00.000Z,2021-05-06T00:00:00.000Z,True,8e81fbc4-4f33-4ae9-bf5e-a2415372e77b,174.8,0.0,1.0,GBP,True
12,7a91e673-9dbc-4558-ac16-d0c56fde9ff3,2021-05-07T00:00:00.000Z,2021-05-25T00:00:00.000Z,2021-05-25T00:00:00.000Z,True,cf2b417f-352e-486f-a5e0-a32cbbfa0826,853.2045608371948,0.0,1.9207,NZD,True
13,ca37b677-06e0-434b-96fb-697a21a7b043,2021-05-14T00:00:00.000Z,2021-06-30T00:00:00.000Z,2021-06-30T00:00:00.000Z,True,d7d2b5fc-32e7-4011-94a4-2c8aa0ff9e4f,1725.0,0.0,1.0,GBP,True
14,87d4c9dc-f37a-43a2-8aab-40ba13f3a8ac,2021-05-31T00:00:00.000Z,2021-06-06T00:00:00.000Z,2021-06-06T00:00:00.000Z,True,8e81fbc4-4f33-4ae9-bf5e-a2415372e77b,174.8,0.0,1.0,GBP,True
15,e5dc3f99-90fd-435e-a4da-b3398e0c499b,2021-06-07T00:00:00.000Z,2021-06-25T00:00:00.000Z,2021-06-28T00:00:00.000Z,True,cf2b417f-352e-486f-a5e0-a32cbbfa0826,835.483114446529,0.0,1.96144,NZD,True
16,338f3dd7-9674-4bdf-9fc5-da49daece26c,2021-06-14T00:00:00.000Z,2021-07-30T00:00:00.000Z,2021-07-30T00:00:00.000Z,True,d7d2b5fc-32e7-4011-94a4-2c8aa0ff9e4f,1725.0,0.0,1.0,GBP,True
17,a7b24f70-fa12-4c02-8276-04a06cf47c86,2021-06-16T00:00:00.000Z,2021-07-31T00:00:00.000Z,2021-08-31T00:00:00.000Z,True,ffb145b0-8504-42da-b03d-4c4a573fd521,8625.0,0.0,1.0,GBP,True
18,3de8e55e-25dd-4e0c-a1a0-c2108f82159b,2021-06-30T00:00:00.000Z,2021-07-06T00:00:00.000Z,2021-07-06T00:00:00.000Z,True,8e81fbc4-4f33-4ae9-bf5e-a2415372e77b,174.8,0.0,1.0,GBP,True
19,8415b1b8-991a-42b6-8885-c598fd530537,2021-07-07T00:00:00.000Z,2021-07-25T00:00:00.000Z,2021-07-25T00:00:00.000Z,True,cf2b417f-352e-486f-a5e0-a32cbbfa0826,833.0664470573881,0.0,1.96713,NZD,True
20,0b6924fa-3d82-43fd-81ef-cb8a8d9c3aab,2021-07-14T00:00:00.000Z,2021-08-30T00:00:00.000Z,2021-08-30T00:00:00.000Z,True,d7d2b5fc-32e7-4011-94a4-2c8aa0ff9e4f,1725.0,0.0,1.0,GBP,True
21,1af0d7c1-1109-441c-a259-d88fdbe9d2a0,2021-07-31T00:00:00.000Z,2021-08-06T00:00:00.000Z,2021-08-06T00:00:00.000Z,True,8e81fbc4-4f33-4ae9-bf5e-a2415372e77b,174.8,0.0,1.0,GBP,True
22,233e6008-1074-48df-a7df-e94f0fbfaf6f,2021-08-07T00:00:00.000Z,2021-08-25T00:00:00.000Z,2021-08-25T00:00:00.000Z,True,cf2b417f-352e-486f-a5e0-a32cbbfa0826,828.0488112983502,0.0,1.97905,NZD,True
23,0da7d3c1-85f2-407e-96dd-7268c7076ced,2021-08-14T00:00:00.000Z,2021-09-30T00:00:00.000Z,2021-09-30T00:00:00.000Z,True,d7d2b5fc-32e7-4011-94a4-2c8aa0ff9e4f,1725.0,0.0,1.0,GBP,True
24,470d20c9-3dde-4d23-82b1-adc8bb0167f9,2021-08-31T00:00:00.000Z,2021-09-06T00:00:00.000Z,2021-09-06T00:00:00.000Z,True,8e81fbc4-4f33-4ae9-bf5e-a2415372e77b,174.8,0.0,1.0,GBP,True
25,54a1795a-4f70-4b09-8302-c8bc00d631aa,2021-09-07T00:00:00.000Z,2021-09-25T00:00:00.000Z,2021-09-25T00:00:00.000Z,True,cf2b417f-352e-486f-a5e0-a32cbbfa0826,844.0986494421609,0.0,1.94142,NZD,True
26,f6c35bdd-595b-48de-8850-56b459477618,2021-09-14T00:00:00.000Z,2021-10-30T00:00:00.000Z,2021-10-30T00:00:00.000Z,True,d7d2b5fc-32e7-4011-94a4-2c8aa0ff9e4f,1725.0,0.0,1.0,GBP,True
27,62f1eab7-1182-4e24-9024-bbfdb651bde1,2021-09-16T00:00:00.000Z,2021-11-23T00:00:00.000Z,2021-11-30T00:00:00.000Z,True,ffb145b0-8504-42da-b03d-4c4a573fd521,28750.0,0.0,1.0,GBP,True
28,a076018f-a612-4b83-aacf-04544babab37,2021-09-30T00:00:00.000Z,2021-10-06T00:00:00.000Z,2021-11-30T00:00:00.000Z,True,8e81fbc4-4f33-4ae9-bf5e-a2415372e77b,174.8,0.0,1.0,GBP,True
29,4d545cf5-cd1f-496f-84c3-79a5b2ad5aad,2021-09-30T00:00:00.000Z,2021-10-31T00:00:00.000Z,,False,8e81fbc4-4f33-4ae9-bf5e-a2415372e77b,177.1,177.1,1.0,GBP,True
30,9e98bc5c-c747-47b0-b3f2-c74c24b9edc9,2021-10-07T00:00:00.000Z,2021-10-25T00:00:00.000Z,2021-10-25T00:00:00.000Z,True,cf2b417f-352e-486f-a5e0-a32cbbfa0826,834.1435108597723,0.0,1.96459,NZD,True
31,a3787203-49e5-492d-9986-2062ac9cf591,2021-10-14T00:00:00.000Z,2021-11-30T00:00:00.000Z,2022-04-30T00:00:00.000Z,True,d7d2b5fc-32e7-4011-94a4-2c8aa0ff9e4f,1725.0,0.0,1.0,GBP,True
32,c1662564-34ef-419a-bc36-201e2f3a451c,2021-10-31T00:00:00.000Z,2021-11-06T00:00:00.000Z,2021-11-30T00:00:00.000Z,True,8e81fbc4-4f33-4ae9-bf5e-a2415372e77b,174.8,0.0,1.0,GBP,True
33,31fb2364-a042-409b-88f9-7df28b5b7736,2021-11-07T00:00:00.000Z,2021-11-25T00:00:00.000Z,2021-11-25T00:00:00.000Z,True,cf2b417f-352e-486f-a5e0-a32cbbfa0826,864.433601476988,0.0,1.89575,NZD,True
34,89e5bf32-4bda-455e-9ed5-af76b0e1f6cb,2021-11-14T00:00:00.000Z,2021-12-30T00:00:00.000Z,2021-12-30T00:00:00.000Z,True,d7d2b5fc-32e7-4011-94a4-2c8aa0ff9e4f,1725.0,0.0,1.0,GBP,True
35,03caaffa-82c8-4147-bc0a-4bfb1f608303,2021-11-30T00:00:00.000Z,2021-12-06T00:00:00.000Z,2021-12-06T00:00:00.000Z,True,8e81fbc4-4f33-4ae9-bf5e-a2415372e77b,174.8,0.0,1.0,GBP,True
36,c5eddf3e-3165-4b64-95a4-5f86137ae47f,2021-12-07T00:00:00.000Z,2021-12-25T00:00:00.000Z,2021-12-28T00:00:00.000Z,True,cf2b417f-352e-486f-a5e0-a32cbbfa0826,839.8548607801233,0.0,1.95123,NZD,True
37,466a9530-b04a-456f-b3e8-22bf209ee946,2021-12-14T00:00:00.000Z,2022-01-30T00:00:00.000Z,2022-01-30T00:00:00.000Z,True,d7d2b5fc-32e7-4011-94a4-2c8aa0ff9e4f,1725.0,0.0,1.0,GBP,True
38,2c1e8fdc-5469-4451-82a0-8575c88eb5ad,2021-12-19T00:00:00.000Z,2022-04-19T00:00:00.000Z,2022-04-19T00:00:00.000Z,True,d9bcb374-807b-4b4c-a1da-742a152fe917,15285.0,0.0,1.0,GBP,True
39,31ea5c21-6393-4d9d-9e6e-fcc1e56d94f2,2021-12-22T00:00:00.000Z,2022-04-05T00:00:00.000Z,2022-04-05T00:00:00.000Z,True,94589e82-ecdf-4c7b-9896-f5e54b8d95af,862.5,0.0,1.0,GBP,True
40,4c75c2ef-f674-45d4-9565-d379177de33a,2021-12-28T00:00:00.000Z,2022-01-31T00:00:00.000Z,2022-02-15T00:00:00.000Z,True,ffb145b0-8504-42da-b03d-4c4a573fd521,10062.5,0.0,1.0,GBP,True
41,ba0de743-76f2-4dee-b735-df4dbfdd3245,2021-12-29T00:00:00.000Z,2022-04-12T00:00:00.000Z,2022-04-12T00:00:00.000Z,True,e2111283-b230-4bb7-8108-518ef4dfd9fa,1035.0,0.0,1.0,GBP,True
42,41e20ef0-b00b-4111-a0e5-5ebb45a0a23f,2021-12-31T00:00:00.000Z,2022-01-06T00:00:00.000Z,2021-01-06T00:00:00.000Z,True,8e81fbc4-4f33-4ae9-bf5e-a2415372e77b,174.8,0.0,1.0,GBP,True
43,31aab43b-236c-4ebf-bb42-656f2f83fabb,2022-01-01T00:00:00.000Z,2022-02-06T00:00:00.000Z,2022-02-06T00:00:00.000Z,True,8e81fbc4-4f33-4ae9-bf5e-a2415372e77b,184.0,0.0,1.0,GBP,True
44,82a56db6-2e51-4743-8605-be13c2131533,2022-01-07T00:00:00.000Z,2022-01-25T00:00:00.000Z,2022-01-25T00:00:00.000Z,True,cf2b417f-352e-486f-a5e0-a32cbbfa0826,816.59856487941,0.0,2.0068,NZD,True
45,4bfeab3d-1f60-4179-be00-99fe8385480a,2022-01-14T00:00:00.000Z,2022-02-28T00:00:00.000Z,2022-02-28T00:00:00.000Z,True,d7d2b5fc-32e7-4011-94a4-2c8aa0ff9e4f,1725.0,0.0,1.0,GBP,True
46,250b341a-315e-4a9e-b2cc-00ce82ea55ee,2022-02-01T00:00:00.000Z,2022-03-06T00:00:00.000Z,2022-03-06T00:00:00.000Z,True,8e81fbc4-4f33-4ae9-bf5e-a2415372e77b,184.0,0.0,1.0,GBP,True
47,502f726d-61a8-4c73-a834-277425d840fb,2022-02-07T00:00:00.000Z,2022-02-25T00:00:00.000Z,2022-02-25T00:00:00.000Z,True,cf2b417f-352e-486f-a5e0-a32cbbfa0826,803.0450783321164,0.0,2.04067,NZD,True
48,1d179948-3ce6-4fc1-9dd1-bb5e43de4f05,2022-02-08T00:00:00.000Z,2022-04-28T00:00:00.000Z,2022-05-18T00:00:00.000Z,True,a9797cb2-4805-4528-bbcb-fdb94368bee6,28672.5,0.0,1.0,GBP,True
49,d9614b4f-def1-40e4-92f4-41111e8fb2e5,2022-02-14T00:00:00.000Z,2022-03-30T00:00:00.000Z,2022-03-30T00:00:00.000Z,True,d7d2b5fc-32e7-4011-94a4-2c8aa0ff9e4f,1725.0,0.0,1.0,GBP,True
50,dc19990f-3ef4-4f65-9a8e-d2c5d4af24da,2022-03-01T00:00:00.000Z,2022-04-06T00:00:00.000Z,2022-04-06T00:00:00.000Z,True,8e81fbc4-4f33-4ae9-bf5e-a2415372e77b,184.0,0.0,1.0,GBP,True
51,5d09938c-ae10-41cf-8bdb-05eeb5c67452,2022-03-07T00:00:00.000Z,2022-03-25T00:00:00.000Z,2022-03-31T00:00:00.000Z,True,cf2b417f-352e-486f-a5e0-a32cbbfa0826,853.0357923667938,0.0,1.92108,NZD,True
52,d79c4e34-d9eb-4e3d-bf1f-5769718cbb42,2022-03-08T00:00:00.000Z,2022-04-19T00:00:00.000Z,2022-04-19T00:00:00.000Z,True,a9797cb2-4805-4528-bbcb-fdb94368bee6,7402.789682848906,0.0,1.92495,NZD,True
53,b6c65074-0797-4595-a634-abdd44a68e7a,2022-03-14T00:00:00.000Z,2022-04-30T00:00:00.000Z,2022-04-30T00:00:00.000Z,True,d7d2b5fc-32e7-4011-94a4-2c8aa0ff9e4f,1725.0,0.0,1.0,GBP,True
54,1268c90c-5bc0-4c9d-a665-5e52dffcaac0,2022-03-23T00:00:00.000Z,2022-04-27T00:00:00.000Z,2022-04-23T00:00:00.000Z,True,ffb145b0-8504-42da-b03d-4c4a573fd521,484.5,0.0,1.0,GBP,True
55,2bd9c496-f007-4412-9ede-6506dfa9ecf4,2022-03-30T00:00:00.000Z,2022-04-20T00:00:00.000Z,2022-04-20T00:00:00.000Z,True,d7d2b5fc-32e7-4011-94a4-2c8aa0ff9e4f,46000.0,0.0,1.0,GBP,True
56,3c3aac10-c207-4d4a-94e2-838c8881dddd,2022-04-01T00:00:00.000Z,2022-05-06T00:00:00.000Z,2022-05-06T00:00:00.000Z,True,8e81fbc4-4f33-4ae9-bf5e-a2415372e77b,184.0,0.0,1.0,GBP,True
57,32b1a2ee-13e8-4a1e-9b78-3a7d4f7d0a8c,2022-04-03T00:00:00.000Z,2022-04-29T00:00:00.000Z,2022-04-29T00:00:00.000Z,True,31b86361-378a-47ef-9d43-25218e06ced3,7762.5,0.0,1.0,GBP,True
58,61f6ba4a-e381-41b0-99d8-c5288b0e3cae,2022-04-04T00:00:00.000Z,2022-04-05T00:00:00.000Z,2022-04-05T00:00:00.000Z,True,8f65adab-5f53-402a-a2ee-31d458304705,2644.1754980038045,0.0,19.1364,ZAR,True
59,4f6d5aba-ae7d-4efa-a695-87ef2e57e395,2022-04-05T00:00:00.000Z,2022-05-30T00:00:00.000Z,2022-05-30T00:00:00.000Z,True,d7d2b5fc-32e7-4011-94a4-2c8aa0ff9e4f,1725.0,0.0,1.0,GBP,True
60,57c9a4ca-f576-464c-80d5-14f75949e943,2022-04-07T00:00:00.000Z,2022-04-25T00:00:00.000Z,2022-04-25T00:00:00.000Z,True,cf2b417f-352e-486f-a5e0-a32cbbfa0826,867.8624765657272,0.0,1.88826,NZD,True
61,5b60bff3-7961-4436-b31d-a553c15ccea1,2022-04-11T00:00:00.000Z,2022-04-30T00:00:00.000Z,2022-04-30T00:00:00.000Z,True,a278f53a-57ab-4f50-8690-182a5c60d671,22230.0,0.0,1.0,GBP,True
62,7be68adb-8632-4df4-be9a-5dfcdef5820e,2022-04-11T00:00:00.000Z,2022-05-31T00:00:00.000Z,2022-05-31T00:00:00.000Z,True,ffb145b0-8504-42da-b03d-4c4a573fd521,12650.0,0.0,1.0,GBP,True
63,bacff5a7-c469-47e4-a56e-128b4026a0e0,2022-04-14T00:00:00.000Z,2022-05-30T00:00:00.000Z,2022-05-30T00:00:00.000Z,True,d7d2b5fc-32e7-4011-94a4-2c8aa0ff9e4f,1725.0,0.0,1.0,GBP,True
64,7cb4dd73-573f-4503-8d02-7e0650673571,2022-04-19T00:00:00.000Z,2022-05-19T00:00:00.000Z,2022-05-19T00:00:00.000Z,True,31b86361-378a-47ef-9d43-25218e06ced3,92000.0,0.0,1.0,GBP,True
65,c9ded9b7-5dc2-4f06-9eb8-317816657f91,2022-04-19T00:00:00.000Z,2022-07-20T00:00:00.000Z,2022-07-20T00:00:00.000Z,True,e2111283-b230-4bb7-8108-518ef4dfd9fa,2565.0,0.0,1.0,GBP,True
66,e3b79608-fac6-48bc-b0f1-8d6fcbf9621a,2022-04-20T00:00:00.000Z,2022-05-18T00:00:00.000Z,2022-05-19T00:00:00.000Z,True,e2111283-b230-4bb7-8108-518ef4dfd9fa,23000.0,0.0,1.0,GBP,True
67,6f8b3d38-8de8-4fec-8b61-e955f685faaa,2022-04-25T00:00:00.000Z,2022-05-31T00:00:00.000Z,2022-06-13T00:00:00.000Z,True,8f65adab-5f53-402a-a2ee-31d458304705,77.80979827089337,0.0,19.9525,ZAR,True
68,6d253dc0-ad6c-49df-890b-f335b5a14f6f,2022-04-29T00:00:00.000Z,2022-05-24T00:00:00.000Z,2022-05-24T00:00:00.000Z,True,a9797cb2-4805-4528-bbcb-fdb94368bee6,517.5,0.0,1.0,GBP,True
69,a2af60e9-6e49-4d39-9ccc-8349bca12a7b,2022-05-01T00:00:00.000Z,2022-05-26T00:00:00.000Z,2022-05-26T00:00:00.000Z,True,a278f53a-57ab-4f50-8690-182a5c60d671,517.5,0.0,1.0,GBP,True
70,060369c8-d4b4-471e-9461-d86ff2fee6be,2022-05-01T00:00:00.000Z,2022-06-06T00:00:00.000Z,2022-06-06T00:00:00.000Z,True,8e81fbc4-4f33-4ae9-bf5e-a2415372e77b,184.0,0.0,1.0,GBP,True
71,ad3bf71d-a319-4562-a5e0-5edc52941a2a,2022-05-07T00:00:00.000Z,2022-05-25T00:00:00.000Z,2022-05-25T00:00:00.000Z,True,cf2b417f-352e-486f-a5e0-a32cbbfa0826,850.6491147020198,0.0,1.92647,NZD,True
72,2d3d0733-7c3b-45d9-bd3a-adafe4e74c76,2022-05-14T00:00:00.000Z,2022-06-30T00:00:00.000Z,2022-06-30T00:00:00.000Z,True,d7d2b5fc-32e7-4011-94a4-2c8aa0ff9e4f,1725.0,0.0,1.0,GBP,True
73,dd85825d-fb11-4c61-addb-5afcf620fe94,2022-05-15T00:00:00.000Z,2022-06-12T00:00:00.000Z,2022-06-12T00:00:00.000Z,True,e2111283-b230-4bb7-8108-518ef4dfd9fa,5750.0,0.0,1.0,GBP,True
74,59bc6798-b707-4079-8bc5-ee50433d042b,2022-05-19T00:00:00.000Z,2022-05-31T00:00:00.000Z,2022-05-27T00:00:00.000Z,True,d9bcb374-807b-4b4c-a1da-742a152fe917,23000.0,0.0,1.0,GBP,True
75,70571ab5-077c-4b0a-8091-b6850626fb5a,2022-05-24T00:00:00.000Z,2022-06-28T00:00:00.000Z,2022-06-28T00:00:00.000Z,True,31b86361-378a-47ef-9d43-25218e06ced3,32875.0,0.0,1.0,GBP,True
76,f5c0331d-b45f-41be-bb31-359c0204b605,2022-06-01T00:00:00.000Z,2022-07-06T00:00:00.000Z,2022-07-06T00:00:00.000Z,True,8e81fbc4-4f33-4ae9-bf5e-a2415372e77b,184.0,0.0,1.0,GBP,True
77,2f613a1b-a97e-4fc8-ac14-4960a58b0304,2022-06-07T00:00:00.000Z,2022-06-25T00:00:00.000Z,2022-06-25T00:00:00.000Z,True,cf2b417f-352e-486f-a5e0-a32cbbfa0826,848.9656994544861,0.0,1.93029,NZD,True
78,d312a9b9-d14b-44fe-bc83-f2779209284d,2022-06-14T00:00:00.000Z,2022-07-01T00:00:00.000Z,2022-07-27T00:00:00.000Z,True,d7d2b5fc-32e7-4011-94a4-2c8aa0ff9e4f,67687.5,0.0,1.0,GBP,True
79,2461b75e-3118-45a1-a1b1-31d2d6368fe9,2022-06-14T00:00:00.000Z,2022-07-30T00:00:00.000Z,2022-09-15T00:00:00.000Z,True,d7d2b5fc-32e7-4011-94a4-2c8aa0ff9e4f,1725.0,0.0,1.0,GBP,True
80,88d5813f-2eeb-4e49-9752-81273274050b,2022-06-22T00:00:00.000Z,2022-06-30T00:00:00.000Z,2022-06-30T00:00:00.000Z,True,354e3d00-a644-44e2-84b1-5f7ca24b3233,1500.0,0.0,1.0,GBP,True
81,ecea30e2-ba95-46c0-86ed-38045a065688,2022-07-01T00:00:00.000Z,2022-08-06T00:00:00.000Z,2022-08-06T00:00:00.000Z,True,8e81fbc4-4f33-4ae9-bf5e-a2415372e77b,184.0,0.0,1.0,GBP,True
82,7d0fdf70-f4ce-4698-88e8-28cee31e7b41,2022-07-07T00:00:00.000Z,2022-07-25T00:00:00.000Z,2022-07-26T00:00:00.000Z,True,cf2b417f-352e-486f-a5e0-a32cbbfa0826,845.0475443988366,0.0,1.93924,NZD,True
83,4946aecb-ed55-41a8-9ad5-6c804a040e27,2022-07-14T00:00:00.000Z,2022-08-30T00:00:00.000Z,2022-09-15T00:00:00.000Z,True,d7d2b5fc-32e7-4011-94a4-2c8aa0ff9e4f,1725.0,0.0,1.0,GBP,True
84,afa14a85-4bbe-4c15-8313-cc66cf88bcf0,2022-07-27T00:00:00.000Z,2022-09-29T00:00:00.000Z,2023-01-08T00:00:00.000Z,True,a278f53a-57ab-4f50-8690-182a5c60d671,2277.0,0.0,1.0,GBP,True
85,c2de1152-1fd7-477e-a921-b816b7ab0d8a,2022-08-01T00:00:00.000Z,2022-09-06T00:00:00.000Z,2022-09-06T00:00:00.000Z,True,8e81fbc4-4f33-4ae9-bf5e-a2415372e77b,184.0,0.0,1.0,GBP,True
86,28ccac57-9d09-4ece-8088-201a655ab6b7,2022-08-07T00:00:00.000Z,2022-08-25T00:00:00.000Z,2022-09-04T00:00:00.000Z,True,cf2b417f-352e-486f-a5e0-a32cbbfa0826,846.9561262513761,0.0,1.93487,NZD,True
87,a8dc16c9-05e1-4f68-b400-ed4efb4ea314,2022-08-14T00:00:00.000Z,2022-09-30T00:00:00.000Z,2022-09-30T00:00:00.000Z,True,d7d2b5fc-32e7-4011-94a4-2c8aa0ff9e4f,1725.0,0.0,1.0,GBP,True
88,933d4aff-ee8c-4288-a8ea-49b6dec67aa3,2022-08-30T00:00:00.000Z,2022-09-30T00:00:00.000Z,2022-09-30T00:00:00.000Z,True,8f65adab-5f53-402a-a2ee-31d458304705,1271.9014611078553,0.0,19.7932,ZAR,True
89,b7824b29-f9dc-4175-89af-cf431f55d371,2022-08-31T00:00:00.000Z,2022-09-30T00:00:00.000Z,2022-09-30T00:00:00.000Z,True,e2111283-b230-4bb7-8108-518ef4dfd9fa,4275.0,0.0,1.0,GBP,True
90,1e20dc2b-b465-44f7-a6e6-95886b645218,2022-09-01T00:00:00.000Z,2022-10-06T00:00:00.000Z,2022-09-30T00:00:00.000Z,True,8e81fbc4-4f33-4ae9-bf5e-a2415372e77b,184.0,0.0,1.0,GBP,True
91,43bea368-4510-4737-9165-e13afede97bc,2022-09-01T00:00:00.000Z,2022-11-30T00:00:00.000Z,2022-11-07T00:00:00.000Z,True,bc9725f8-7e23-44cc-8112-a8f757208369,690.0,0.0,1.0,GBP,True
92,6c3ba364-4f82-49eb-bf71-71fcea6aea4b,2022-09-02T00:00:00.000Z,2022-09-30T00:00:00.000Z,2022-09-30T00:00:00.000Z,True,94589e82-ecdf-4c7b-9896-f5e54b8d95af,1092.5,0.0,1.0,GBP,True
93,c4b5491c-3d7e-40da-856a-f5411557e78f,2022-09-07T00:00:00.000Z,2022-09-25T00:00:00.000Z,2022-09-25T00:00:00.000Z,True,cf2b417f-352e-486f-a5e0-a32cbbfa0826,859.496286661352,0.0,1.90664,NZD,True
94,243bd660-b2c6-43ab-89de-da4d5fc4f9e5,2022-09-14T00:00:00.000Z,2022-10-30T00:00:00.000Z,2022-09-30T00:00:00.000Z,True,d7d2b5fc-32e7-4011-94a4-2c8aa0ff9e4f,1725.0,0.0,1.0,GBP,True
95,fde9f6f3-5a3b-4b09-b219-0567329f1962,2022-09-15T00:00:00.000Z,2022-10-06T00:00:00.000Z,2022-09-15T00:00:00.000Z,True,d7d2b5fc-32e7-4011-94a4-2c8aa0ff9e4f,2254.0,0.0,1.0,GBP,True
96,9c4bf02d-fdeb-4ff8-b977-94233a835810,2022-09-15T00:00:00.000Z,2022-09-29T00:00:00.000Z,2022-09-29T00:00:00.000Z,True,d9bcb374-807b-4b4c-a1da-742a152fe917,33843.75,0.0,1.0,GBP,True
97,2653d563-9a1b-4c86-98d2-9bff742b56e5,2022-09-15T00:00:00.000Z,2022-10-30T00:00:00.000Z,2022-09-15T00:00:00.000Z,True,d7d2b5fc-32e7-4011-94a4-2c8aa0ff9e4f,13825.35,0.0,1.0,GBP,True
98,29094ccc-e6d3-487e-9260-3b2d32cce5c1,2022-09-15T00:00:00.000Z,2022-10-31T00:00:00.000Z,2022-09-30T00:00:00.000Z,True,e2111283-b230-4bb7-8108-518ef4dfd9fa,7837.5,0.0,1.0,GBP,True
99,1703cb18-be29-40fc-a18e-616ea24e9047,2022-09-25T00:00:00.000Z,2022-10-26T00:00:00.000Z,2022-11-29T00:00:00.000Z,True,d9bcb374-807b-4b4c-a1da-742a152fe917,4275.0,0.0,1.0,GBP,True
100,658eb4af-a196-4bee-9832-80e79ffc5973,2022-09-30T00:00:00.000Z,2022-10-31T00:00:00.000Z,2022-10-31T00:00:00.000Z,True,31b86361-378a-47ef-9d43-25218e06ced3,23000.0,0.0,1.0,GBP,True
101,7bc0ca47-5719-49a0-b146-7ee5f1000f73,2022-10-01T00:00:00.000Z,2022-11-06T00:00:00.000Z,2022-12-07T00:00:00.000Z,True,8e81fbc4-4f33-4ae9-bf5e-a2415372e77b,184.0,0.0,1.0,GBP,True
102,00773c14-73fe-420a-9849-a94d29b3a227,2022-10-07T00:00:00.000Z,2022-10-25T00:00:00.000Z,2022-11-01T00:00:00.000Z,True,cf2b417f-352e-486f-a5e0-a32cbbfa0826,831.1144922023584,0.0,1.97175,NZD,True
103,91ffcf45-e0b9-4d7a-b8cd-735ffcb62ac2,2022-10-14T00:00:00.000Z,2022-11-30T00:00:00.000Z,2022-12-27T00:00:00.000Z,True,d7d2b5fc-32e7-4011-94a4-2c8aa0ff9e4f,1725.0,0.0,1.0,GBP,True
104,ba8f3ba2-5513-4972-b47a-86ba351ca01c,2022-10-17T00:00:00.000Z,2022-10-31T00:00:00.000Z,2022-11-29T00:00:00.000Z,True,31b86361-378a-47ef-9d43-25218e06ced3,8740.0,0.0,1.0,GBP,True
105,9bbb8bf9-f7a6-4318-883a-7a2df98d639b,2022-10-19T00:00:00.000Z,2022-11-29T00:00:00.000Z,2022-11-29T00:00:00.000Z,True,ffb145b0-8504-42da-b03d-4c4a573fd521,9000.0,0.0,1.0,GBP,True
106,c5ee8382-90cd-4150-ac4a-05d34337bdc4,2022-10-26T00:00:00.000Z,2022-11-30T00:00:00.000Z,2022-12-29T00:00:00.000Z,True,e2111283-b230-4bb7-8108-518ef4dfd9fa,12925.0,0.0,1.0,GBP,True
107,fa6a17ff-78aa-4a80-b930-b95391b3d439,2022-10-30T00:00:00.000Z,2022-10-31T00:00:00.000Z,2022-11-29T00:00:00.000Z,True,d7d2b5fc-32e7-4011-94a4-2c8aa0ff9e4f,13110.0,0.0,1.0,GBP,True
108,dc38d15a-abe7-4644-aea3-8deb4b3de082,2022-11-01T00:00:00.000Z,2022-12-06T00:00:00.000Z,2022-12-07T00:00:00.000Z,True,8e81fbc4-4f33-4ae9-bf5e-a2415372e77b,184.0,0.0,1.0,GBP,True
109,7af71986-fd9b-4ba2-b22e-9ecd6bca7c99,2022-11-07T00:00:00.000Z,2022-11-25T00:00:00.000Z,2023-01-16T00:00:00.000Z,True,cf2b417f-352e-486f-a5e0-a32cbbfa0826,849.1020632338159,0.0,1.92998,NZD,True
110,d4ac1835-1b96-4358-854c-a705db9a1edb,2022-11-14T00:00:00.000Z,2022-12-30T00:00:00.000Z,2023-02-02T00:00:00.000Z,True,d7d2b5fc-32e7-4011-94a4-2c8aa0ff9e4f,1725.0,0.0,1.0,GBP,True
111,2d2fbdd6-437d-4aeb-ac45-3964aca46b61,2022-12-01T00:00:00.000Z,2023-01-06T00:00:00.000Z,2023-02-01T00:00:00.000Z,True,8e81fbc4-4f33-4ae9-bf5e-a2415372e77b,184.0,0.0,1.0,GBP,True
112,8428dfef-876d-4142-a337-9541cd4232be,2022-12-07T00:00:00.000Z,2022-12-25T00:00:00.000Z,2023-01-10T00:00:00.000Z,True,cf2b417f-352e-486f-a5e0-a32cbbfa0826,853.2356570500305,0.0,1.92063,NZD,True
113,fa891f54-c570-42b3-9b2d-0696762dd493,2022-12-14T00:00:00.000Z,2023-01-30T00:00:00.000Z,2023-01-30T00:00:00.000Z,True,d7d2b5fc-32e7-4011-94a4-2c8aa0ff9e4f,1725.0,0.0,1.0,GBP,True
114,ccaf98ad-d937-44ee-96d4-3066ba2f12f3,2022-12-26T00:00:00.000Z,2023-02-28T00:00:00.000Z,2023-02-14T00:00:00.000Z,True,31b86361-378a-47ef-9d43-25218e06ced3,8050.0,0.0,1.0,GBP,True
115,c00fe10d-6d20-4fe1-af57-79ba92175428,2023-01-01T00:00:00.000Z,2023-02-10T00:00:00.000Z,,False,31b86361-378a-47ef-9d43-25218e06ced3,45701.40335994984,45701.40335994984,542.27,NGN,True
116,8fc1d734-034f-4936-afea-55284d7eeabf,2023-01-01T00:00:00.000Z,2023-02-12T00:00:00.000Z,,False,31b86361-378a-47ef-9d43-25218e06ced3,1665.848156355433,1665.848156355433,100.182,INR,True
117,7b8b29e4-3739-4002-b1d1-3c90ac217c00,2023-01-07T00:00:00.000Z,2023-01-25T00:00:00.000Z,2023-02-07T00:00:00.000Z,True,cf2b417f-352e-486f-a5e0-a32cbbfa0826,860.2181581489102,0.0,1.90504,NZD,True
118,3a46fc23-853b-4b6b-b090-6d7cd6651507,2023-01-08T00:00:00.000Z,2023-02-07T00:00:00.000Z,2023-02-22T00:00:00.000Z,True,a9797cb2-4805-4528-bbcb-fdb94368bee6,2587.5,0.0,1.0,GBP,True
119,9f86edac-9d4e-43e2-9d92-a04b852ed6de,2023-01-08T00:00:00.000Z,2023-02-22T00:00:00.000Z,2023-02-28T00:00:00.000Z,True,31b86361-378a-47ef-9d43-25218e06ced3,8740.0,0.0,1.0,GBP,True
120,485f6a11-0bde-470e-af08-2c01301ed4db,2023-01-12T00:00:00.000Z,2023-02-07T00:00:00.000Z,2023-01-31T00:00:00.000Z,True,a9797cb2-4805-4528-bbcb-fdb94368bee6,2356.242996722204,0.0,1.90982,NZD,True
121,60db451b-b722-4a6e-b6a2-030115794fef,2023-01-12T00:00:00.000Z,2023-01-31T00:00:00.000Z,2023-01-31T00:00:00.000Z,True,a278f53a-57ab-4f50-8690-182a5c60d671,20776.5,0.0,1.0,GBP,True
122,828b04f9-3132-4de5-8f64-1429d372a166,2023-01-14T00:00:00.000Z,2023-02-28T00:00:00.000Z,2023-02-28T00:00:00.000Z,True,d7d2b5fc-32e7-4011-94a4-2c8aa0ff9e4f,1725.0,0.0,1.0,GBP,True
123,6c34a288-735c-4457-9d39-e4257e4067e8,2023-02-01T00:00:00.000Z,2023-03-10T00:00:00.000Z,,False,31b86361-378a-47ef-9d43-25218e06ced3,43489.43846724846,43489.43846724846,569.851,NGN,True
124,41a9e633-65b6-4c96-9df9-19a76c621f45,2023-02-01T00:00:00.000Z,2023-03-12T00:00:00.000Z,,False,31b86361-378a-47ef-9d43-25218e06ced3,1649.5146974519143,1649.5146974519143,101.174,INR,True
125,4afc7142-28c8-4cb0-b387-bfc4b223250c,2023-02-07T00:00:00.000Z,2023-02-25T00:00:00.000Z,,False,cf2b417f-352e-486f-a5e0-a32cbbfa0826,859.5053025773358,859.5053025773358,1.90662,NZD,True
126,29dd3e47-a834-4d93-95f9-055b7ff554cb,2023-02-14T00:00:00.000Z,2023-03-30T00:00:00.000Z,2023-02-14T00:00:00.000Z,True,d7d2b5fc-32e7-4011-94a4-2c8aa0ff9e4f,1725.0,0.0,1.0,GBP,True
127,cc660663-dcab-4fad-a5b2-f4cd48504739,2023-03-01T00:00:00.000Z,2023-04-10T00:00:00.000Z,,False,31b86361-378a-47ef-9d43-25218e06ced3,44786.46349132915,44786.46349132915,553.348,NGN,True
128,44522707-7d4d-43ef-8d11-b74adc735b9c,2023-03-01T00:00:00.000Z,2023-04-12T00:00:00.000Z,,False,31b86361-378a-47ef-9d43-25218e06ced3,1684.9629715635742,1684.9629715635742,99.0455,INR,True
129,e38ecdf3-21eb-4ec6-9d43-1cbe3fcf6261,2023-03-07T00:00:00.000Z,2023-03-25T00:00:00.000Z,2023-03-25T00:00:00.000Z,True,cf2b417f-352e-486f-a5e0-a32cbbfa0826,844.3247977742284,0.0,1.9409,NZD,True
130,b6acd23d-7c3e-4ed2-9ba5-400cf32adc08,2023-03-14T00:00:00.000Z,2023-03-15T00:00:00.000Z,2023-05-15T00:00:00.000Z,True,a9797cb2-4805-4528-bbcb-fdb94368bee6,194.42809997697563,0.0,1.95445,NZD,True
131,e26f2fd1-0475-4d0b-a245-f616afe1dd15,2023-03-14T00:00:00.000Z,2023-03-15T00:00:00.000Z,2023-05-15T00:00:00.000Z,True,bc9725f8-7e23-44cc-8112-a8f757208369,655.5,0.0,1.0,GBP,True
132,516b6451-ec8a-4758-bba6-eacfa15a7350,2023-03-14T00:00:00.000Z,2023-04-30T00:00:00.000Z,2023-04-30T00:00:00.000Z,True,d7d2b5fc-32e7-4011-94a4-2c8aa0ff9e4f,1725.0,0.0,1.0,GBP,True
133,67891615-7c44-4ac2-8c59-96eaf0714208,2023-04-01T00:00:00.000Z,2023-05-12T00:00:00.000Z,,False,31b86361-378a-47ef-9d43-25218e06ced3,1646.2441430332922,1646.2441430332922,101.375,INR,True
134,59d4b612-01dd-4472-ba6c-eb02ef2907ee,2023-04-01T00:00:00.000Z,2023-05-10T00:00:00.000Z,2023-08-01T00:00:00.000Z,True,31b86361-378a-47ef-9d43-25218e06ced3,43617.26280885844,0.0,568.181,NGN,True
135,597c8bc4-e654-49c3-92a4-e7ba7051e2ca,2023-04-07T00:00:00.000Z,2023-04-25T00:00:00.000Z,2023-04-25T00:00:00.000Z,True,cf2b417f-352e-486f-a5e0-a32cbbfa0826,822.6078488459647,0.0,1.99214,NZD,True
136,0882a2d4-e586-40b4-90d3-fb54723d44a8,2023-04-11T00:00:00.000Z,2023-04-11T00:00:00.000Z,,False,86c921ae-05e9-46d2-a417-f7dd16f884be,313.5,313.5,1.0,GBP,True
137,a863e4d2-c0ff-46f6-98ce-a5b6fc73233c,2023-04-11T00:00:00.000Z,2023-04-11T00:00:00.000Z,2023-04-11T00:00:00.000Z,True,48021727-d93c-480f-aa9c-ec711afa4868,194.25,0.0,1.0,GBP,True
138,e3088711-c9e5-4899-ade2-caecb3e399bd,2023-04-11T00:00:00.000Z,2023-04-11T00:00:00.000Z,,False,86c921ae-05e9-46d2-a417-f7dd16f884be,0.0,0.0,1.0,GBP,True
139,03787ea2-6921-4aef-8133-b9d35b84ceb1,2023-04-11T00:00:00.000Z,2023-04-11T00:00:00.000Z,,False,48021727-d93c-480f-aa9c-ec711afa4868,0.0,0.0,1.0,GBP,True
140,a7905975-139f-4279-8f45-47097061b5a9,2023-04-12T00:00:00.000Z,2023-04-30T00:00:00.000Z,2023-04-30T00:00:00.000Z,True,a9797cb2-4805-4528-bbcb-fdb94368bee6,99.5609362710447,0.0,2.00882,NZD,True
141,31bc14ac-9a41-4d90-a3f5-4dd975dbebb5,2023-04-14T00:00:00.000Z,2023-05-30T00:00:00.000Z,2023-05-30T00:00:00.000Z,True,d7d2b5fc-32e7-4011-94a4-2c8aa0ff9e4f,1725.0,0.0,1.0,GBP,True
142,7b214b1b-450e-4bee-ab5c-c8691ff9640a,2023-05-01T00:00:00.000Z,2023-05-08T00:00:00.000Z,2023-05-08T00:00:00.000Z,True,cf2b417f-352e-486f-a5e0-a32cbbfa0826,4000.0,0.0,1.0,GBP,True
143,02848734-b5ed-4f2e-b0f5-6ff4f902812b,2023-05-01T00:00:00.000Z,2023-06-10T00:00:00.000Z,2023-08-01T00:00:00.000Z,True,31b86361-378a-47ef-9d43-25218e06ced3,42980.77506742167,0.0,576.595,NGN,True
144,6c1f6ab0-1050-4bab-adf4-6663715de667,2023-05-01T00:00:00.000Z,2023-05-01T00:00:00.000Z,2023-05-01T00:00:00.000Z,True,bc9725f8-7e23-44cc-8112-a8f757208369,230.0,0.0,1.0,GBP,True
145,216fce09-918a-4318-b45c-e846e4800689,2023-05-01T00:00:00.000Z,2023-05-31T00:00:00.000Z,2023-05-31T00:00:00.000Z,True,bc9725f8-7e23-44cc-8112-a8f757208369,230.0,0.0,1.0,GBP,True
146,8dad8a96-e97a-45ac-ace6-1918bb297899,2023-05-01T00:00:00.000Z,2023-06-12T00:00:00.000Z,,False,31b86361-378a-47ef-9d43-25218e06ced3,1633.7222961860757,1633.7222961860757,102.152,INR,True
147,31a2daf7-6e25-41a1-af7d-81cd1bfbd4a4,2023-05-04T00:00:00.000Z,2023-05-18T00:00:00.000Z,2023-05-18T00:00:00.000Z,True,d7d2b5fc-32e7-4011-94a4-2c8aa0ff9e4f,6245.0,0.0,1.0,GBP,True
148,8dd2dee3-d0d1-4b40-9674-4184c8f8f9ce,2023-05-05T00:00:00.000Z,2023-05-12T00:00:00.000Z,2023-06-30T00:00:00.000Z,True,9b72dced-a3eb-4446-b09a-afadfe657b66,3000.0,0.0,1.0,GBP,True
149,743dcdf0-2628-4316-b15d-21489bfbb01c,2023-05-05T00:00:00.000Z,2023-05-12T00:00:00.000Z,2023-05-12T00:00:00.000Z,True,9b72dced-a3eb-4446-b09a-afadfe657b66,3000.0,0.0,1.0,GBP,True
150,bf4fd29d-e531-4689-be37-c6a0615ae9ec,2023-05-07T00:00:00.000Z,2023-05-25T00:00:00.000Z,2023-05-25T00:00:00.000Z,True,cf2b417f-352e-486f-a5e0-a32cbbfa0826,815.2701149711205,0.0,2.01007,NZD,True
151,d23b46f7-05b8-498c-9f95-6c68add515ef,2023-05-14T00:00:00.000Z,2023-06-30T00:00:00.000Z,2023-06-30T00:00:00.000Z,True,d7d2b5fc-32e7-4011-94a4-2c8aa0ff9e4f,1725.0,0.0,1.0,GBP,True
152,e34ffdd2-64be-4169-9fbc-34e869628136,2023-05-15T00:00:00.000Z,2023-05-31T00:00:00.000Z,2023-05-15T00:00:00.000Z,True,8e81fbc4-4f33-4ae9-bf5e-a2415372e77b,1250.0,0.0,1.0,GBP,True
153,c61b4382-27f2-481c-b3d0-1f0e7401a35d,2023-05-15T00:00:00.000Z,2023-05-31T00:00:00.000Z,2023-05-15T00:00:00.000Z,True,8e81fbc4-4f33-4ae9-bf5e-a2415372e77b,1250.0,0.0,1.0,GBP,True
154,9f3e4abb-a9e1-4d93-86b5-4fd87fe321fe,2023-05-31T00:00:00.000Z,2023-05-31T00:00:00.000Z,2023-08-01T00:00:00.000Z,True,ffb145b0-8504-42da-b03d-4c4a573fd521,2250.0,0.0,1.0,GBP,True
155,c1667e06-5710-4ceb-a5ec-2e7d57b292ed,2023-06-01T00:00:00.000Z,2023-06-30T00:00:00.000Z,2023-06-30T00:00:00.000Z,True,bc9725f8-7e23-44cc-8112-a8f757208369,690.0,0.0,1.0,GBP,True
156,b14f1a2a-294d-4ac5-a4c0-1f12fecf5c32,2023-06-01T00:00:00.000Z,2023-06-30T00:00:00.000Z,2023-06-30T00:00:00.000Z,True,a278f53a-57ab-4f50-8690-182a5c60d671,2700.0,0.0,1.0,GBP,True
157,d9f9ecdd-8099-4834-98d7-8539ff54e642,2023-06-01T00:00:00.000Z,2023-07-12T00:00:00.000Z,,False,31b86361-378a-47ef-9d43-25218e06ced3,1619.3128341467673,1619.3128341467673,103.061,INR,True
158,218051af-8413-41eb-ab85-28136bc5b72e,2023-06-01T00:00:00.000Z,2023-07-10T00:00:00.000Z,2023-08-01T00:00:00.000Z,True,31b86361-378a-47ef-9d43-25218e06ced3,42942.94086151,0.0,577.103,NGN,True
159,ef90379b-500e-490f-8803-5832163bba7f,2023-06-05T00:00:00.000Z,2023-06-29T00:00:00.000Z,2023-06-29T00:00:00.000Z,True,a9797cb2-4805-4528-bbcb-fdb94368bee6,2440.81034903588,0.0,2.0485,NZD,True
160,d4270b9b-60ca-4c4b-b186-cace3eb5e6ad,2023-06-07T00:00:00.000Z,2023-06-25T00:00:00.000Z,2023-06-25T00:00:00.000Z,True,cf2b417f-352e-486f-a5e0-a32cbbfa0826,801.6230573940096,0.0,2.04429,NZD,True
161,c9230db8-f460-4080-9222-17ad8ef26efa,2023-06-14T00:00:00.000Z,2023-06-28T00:00:00.000Z,2023-06-28T00:00:00.000Z,True,8f65adab-5f53-402a-a2ee-31d458304705,95.94882729211088,0.0,23.45,ZAR,True
162,08056a35-dd44-437e-bdc1-5c32eaffd4a6,2023-06-14T00:00:00.000Z,2023-07-30T00:00:00.000Z,2023-08-01T00:00:00.000Z,True,d7d2b5fc-32e7-4011-94a4-2c8aa0ff9e4f,1725.0,0.0,1.0,GBP,True
163,478763d8-7e53-4023-8643-c618604c6f42,2023-06-21T00:00:00.000Z,2023-06-21T00:00:00.000Z,2023-06-21T00:00:00.000Z,True,cf2b417f-352e-486f-a5e0-a32cbbfa0826,100.0,0.0,1.0,GBP,True
164,70c95989-d6ec-4c6c-9c2e-7fe6f2a42906,2023-07-01T00:00:00.000Z,2023-08-10T00:00:00.000Z,,False,31b86361-378a-47ef-9d43-25218e06ced3,25658.639918662655,25658.639918662655,965.854,NGN,True
165,088341b9-8696-46a3-91a5-bb8aac71212d,2023-07-01T00:00:00.000Z,2023-08-12T00:00:00.000Z,,False,31b86361-378a-47ef-9d43-25218e06ced3,1602.6581646371912,1602.6581646371912,104.132,INR,True
166,2ac7e440-3657-4810-9ae7-f174351773ad,2023-07-07T00:00:00.000Z,2023-07-25T00:00:00.000Z,2023-08-01T00:00:00.000Z,True,cf2b417f-352e-486f-a5e0-a32cbbfa0826,792.0837542474057,0.0,2.06891,NZD,True
167,5bd525b0-b27d-4b43-ad4e-eb1df1ece05b,2023-07-14T00:00:00.000Z,2023-08-30T00:00:00.000Z,,False,d7d2b5fc-32e7-4011-94a4-2c8aa0ff9e4f,1725.0,1725.0,1.0,GBP,True
168,abad296f-8189-41b8-91d0-e991e1020b94,2023-08-01T00:00:00.000Z,2023-09-10T00:00:00.000Z,,False,31b86361-378a-47ef-9d43-25218e06ced3,25384.441255491467,25384.441255491467,976.287,NGN,True
169,6a618a2a-0c23-4286-a1fe-e1de8265b6b9,2023-08-01T00:00:00.000Z,2023-08-01T00:00:00.000Z,,False,d7d2b5fc-32e7-4011-94a4-2c8aa0ff9e4f,0.0,0.0,1.0,GBP,True
170,d5e856f6-c13e-4b18-b6a6-97308ed3a795,2023-08-01T00:00:00.000Z,2023-09-12T00:00:00.000Z,,False,31b86361-378a-47ef-9d43-25218e06ced3,1580.4536199630666,1580.4536199630666,105.595,INR,True
171,de86cc6f-76f2-4506-a97c-3bb003d0946a,2023-08-07T00:00:00.000Z,2023-08-25T00:00:00.000Z,,False,cf2b417f-352e-486f-a5e0-a32cbbfa0826,783.8096376898243,783.8096376898243,2.09075,NZD,True
172,314fa06f-652f-45d4-9554-a4210bab20e7,2023-08-14T00:00:00.000Z,2023-09-30T00:00:00.000Z,,False,d7d2b5fc-32e7-4011-94a4-2c8aa0ff9e4f,1725.0,1725.0,1.0,GBP,True
173,9b8708b8-fb09-489f-9bb2-3d19e7c83174,2021-01-01T00:00:00.000Z,2021-01-30T00:00:00.000Z,2022-04-25T00:00:00.000Z,True,1430511a-f15f-435e-901a-1801064b76c2,15.0,0.0,1.0,GBP,False
174,3da245f9-8fda-41d8-9efc-b7284d3f0ac0,2021-02-01T00:00:00.000Z,2021-02-28T00:00:00.000Z,2022-02-28T00:00:00.000Z,True,1430511a-f15f-435e-901a-1801064b76c2,15.0,0.0,1.0,GBP,False
175,5c9b77ca-1b41-4827-b0b5-adcd8fb482c1,2021-03-01T00:00:00.000Z,2021-03-30T00:00:00.000Z,2022-03-30T00:00:00.000Z,True,1430511a-f15f-435e-901a-1801064b76c2,15.0,0.0,1.0,GBP,False
176,b887446c-8d9e-4f7a-9e9f-3e5948160161,2021-03-05T00:00:00.000Z,2021-03-30T00:00:00.000Z,2022-03-30T00:00:00.000Z,True,89ea79cb-a445-4720-8368-b0887f4157bb,135.13767591400074,0.0,21.2746,ZAR,False
177,bb502950-77e7-4836-92f0-16ee935641e1,2021-03-08T00:00:00.000Z,2021-04-30T00:00:00.000Z,2021-04-30T00:00:00.000Z,True,1e6ba27d-e209-4b30-8894-8e1190c391e4,115.0,0.0,1.0,GBP,False
178,08994f73-41fd-49be-ba7e-26b537c8d144,2021-03-09T00:00:00.000Z,2021-03-09T00:00:00.000Z,2021-04-15T00:00:00.000Z,True,a3b7040d-4a3b-4106-82e4-f382979ff77b,115.0,0.0,1.0,GBP,False
179,bb0067dd-6d02-4a37-8a75-0f489ad80617,2021-03-24T00:00:00.000Z,2021-03-25T00:00:00.000Z,2021-03-25T00:00:00.000Z,True,44aaffac-d0ee-497f-85d3-1bab5daa8f2b,800.0,0.0,1.0,GBP,False
180,c028eee0-3829-4847-aaf3-e27e67b801a6,2021-04-01T00:00:00.000Z,2021-04-30T00:00:00.000Z,2021-08-31T00:00:00.000Z,True,1430511a-f15f-435e-901a-1801064b76c2,15.0,0.0,1.0,GBP,False
181,fe667a27-99fe-4441-83cd-a4fc230a1ea1,2021-04-05T00:00:00.000Z,2021-04-30T00:00:00.000Z,2022-04-30T00:00:00.000Z,True,89ea79cb-a445-4720-8368-b0887f4157bb,142.07283023902826,0.0,20.2361,ZAR,False
182,db722052-8096-4cd0-9632-87560e4317a0,2021-04-08T00:00:00.000Z,2021-05-30T00:00:00.000Z,2021-05-30T00:00:00.000Z,True,1e6ba27d-e209-4b30-8894-8e1190c391e4,115.0,0.0,1.0,GBP,False
183,af37ada9-c54c-4994-a0e0-400a8994696d,2021-04-18T00:00:00.000Z,2021-04-28T00:00:00.000Z,2021-05-31T00:00:00.000Z,True,a3b7040d-4a3b-4106-82e4-f382979ff77b,172.5,0.0,1.0,GBP,False
184,91683a0c-a8c7-4e3a-9d53-36288d973d85,2021-04-19T00:00:00.000Z,2022-04-20T00:00:00.000Z,2021-04-28T00:00:00.000Z,True,0df15899-fae7-43f6-84ca-c23c1d71aaec,3450.0,0.0,1.0,GBP,False
185,56630d73-c7e8-4358-ba1d-6f401202bd8c,2021-04-24T00:00:00.000Z,2021-04-25T00:00:00.000Z,2021-04-25T00:00:00.000Z,True,44aaffac-d0ee-497f-85d3-1bab5daa8f2b,800.0,0.0,1.0,GBP,False
186,8bf764fc-ab28-4c2a-9111-be29b35dd45c,2021-05-01T00:00:00.000Z,2021-05-30T00:00:00.000Z,2022-04-25T00:00:00.000Z,True,1430511a-f15f-435e-901a-1801064b76c2,15.0,0.0,1.0,GBP,False
187,cf255b16-f9da-4252-9fe2-e7c17f6ab9f0,2021-05-05T00:00:00.000Z,2021-05-30T00:00:00.000Z,,False,89ea79cb-a445-4720-8368-b0887f4157bb,143.95225291534604,0.0,19.9719,ZAR,False
188,296d39e3-912f-48bd-9a69-a2e031883911,2021-05-08T00:00:00.000Z,2021-06-30T00:00:00.000Z,2021-06-30T00:00:00.000Z,True,1e6ba27d-e209-4b30-8894-8e1190c391e4,115.0,0.0,1.0,GBP,False
189,0a7c19cd-f117-4490-a5e5-1df5ec163ae6,2021-05-24T00:00:00.000Z,2021-05-25T00:00:00.000Z,2021-05-24T00:00:00.000Z,True,44aaffac-d0ee-497f-85d3-1bab5daa8f2b,800.0,0.0,1.0,GBP,False
190,8de71bc9-7e85-4378-ac56-276b399be6fa,2021-06-01T00:00:00.000Z,2021-06-30T00:00:00.000Z,2022-04-03T00:00:00.000Z,True,1430511a-f15f-435e-901a-1801064b76c2,15.0,0.0,1.0,GBP,False
191,d7998033-6dd6-406b-aa21-979d62229046,2021-06-05T00:00:00.000Z,2021-06-30T00:00:00.000Z,2021-06-30T00:00:00.000Z,True,89ea79cb-a445-4720-8368-b0887f4157bb,151.2521043771044,0.0,19.008,ZAR,False
192,41fd6b66-6005-42ac-a5bb-83d3f580788e,2021-06-08T00:00:00.000Z,2021-07-30T00:00:00.000Z,2021-07-30T00:00:00.000Z,True,1e6ba27d-e209-4b30-8894-8e1190c391e4,115.0,0.0,1.0,GBP,False
193,2a77e2c8-dcba-4a14-b648-a9408f71f7f6,2021-06-24T00:00:00.000Z,2021-06-25T00:00:00.000Z,2021-06-24T00:00:00.000Z,True,44aaffac-d0ee-497f-85d3-1bab5daa8f2b,800.0,0.0,1.0,GBP,False
194,1bdfc15d-1f3e-4aa5-b283-b207b867da34,2021-07-01T00:00:00.000Z,2021-07-30T00:00:00.000Z,2022-03-29T00:00:00.000Z,True,1430511a-f15f-435e-901a-1801064b76c2,15.0,0.0,1.0,GBP,False
195,9508cb8b-85dd-4cd0-ace5-67d13b3d09ff,2021-07-05T00:00:00.000Z,2021-07-30T00:00:00.000Z,2021-07-30T00:00:00.000Z,True,89ea79cb-a445-4720-8368-b0887f4157bb,145.58067701344405,0.0,19.7485,ZAR,False
196,db2ddb8a-4310-4e05-b14b-4f534a373794,2021-07-08T00:00:00.000Z,2021-08-30T00:00:00.000Z,2021-08-30T00:00:00.000Z,True,1e6ba27d-e209-4b30-8894-8e1190c391e4,115.0,0.0,1.0,GBP,False
197,42b576d4-bb80-4cb1-9794-6538193c1c7b,2021-07-14T00:00:00.000Z,2022-04-28T00:00:00.000Z,2022-04-28T00:00:00.000Z,True,7385a88a-9e63-4a8d-b931-616baa7ebb15,1725.0,0.0,1.0,GBP,False
198,9aaa2ad6-a957-472c-ab1b-05598b234b60,2021-07-24T00:00:00.000Z,2021-07-25T00:00:00.000Z,2021-07-25T00:00:00.000Z,True,44aaffac-d0ee-497f-85d3-1bab5daa8f2b,800.0,0.0,1.0,GBP,False
199,bf49165c-2d8d-45c1-a401-88a24c42151b,2021-07-30T00:00:00.000Z,2021-07-31T00:00:00.000Z,2021-07-30T00:00:00.000Z,True,44aaffac-d0ee-497f-85d3-1bab5daa8f2b,60.0,0.0,1.0,GBP,False
200,57f857e6-c547-465a-9a30-3f57f80e7a27,2021-08-01T00:00:00.000Z,2021-08-30T00:00:00.000Z,2021-08-30T00:00:00.000Z,True,1430511a-f15f-435e-901a-1801064b76c2,15.0,0.0,1.0,GBP,False
201,eeca4ee8-5ae8-4046-8b86-1ffbef91252d,2021-08-05T00:00:00.000Z,2021-08-30T00:00:00.000Z,2021-08-30T00:00:00.000Z,True,89ea79cb-a445-4720-8368-b0887f4157bb,142.13534250909666,0.0,20.2272,ZAR,False
202,25c4017f-11f1-4754-ae48-d5337686f437,2021-08-08T00:00:00.000Z,2021-09-30T00:00:00.000Z,2021-09-30T00:00:00.000Z,True,1e6ba27d-e209-4b30-8894-8e1190c391e4,115.0,0.0,1.0,GBP,False
203,8c63f22f-9714-4676-b405-400d50eed2f4,2021-08-24T00:00:00.000Z,2021-08-25T00:00:00.000Z,2021-08-25T00:00:00.000Z,True,44aaffac-d0ee-497f-85d3-1bab5daa8f2b,800.0,0.0,1.0,GBP,False
204,854397c8-61e4-4ccd-90f6-a53c8fa251c1,2021-09-01T00:00:00.000Z,2021-09-30T00:00:00.000Z,2022-04-18T00:00:00.000Z,True,1430511a-f15f-435e-901a-1801064b76c2,15.0,0.0,1.0,GBP,False
205,a1e73e0e-bd6d-4751-8433-ec2c817b7ea9,2021-09-05T00:00:00.000Z,2021-09-30T00:00:00.000Z,2021-09-30T00:00:00.000Z,True,89ea79cb-a445-4720-8368-b0887f4157bb,145.1052833464559,0.0,19.8132,ZAR,False
206,7c3a9d2c-c90b-40d0-a3e1-348423fa483a,2021-09-08T00:00:00.000Z,2021-10-30T00:00:00.000Z,2021-10-30T00:00:00.000Z,True,1e6ba27d-e209-4b30-8894-8e1190c391e4,115.0,0.0,1.0,GBP,False
207,843285bc-0dc0-4c2f-9fdb-874b5455bc71,2021-09-20T00:00:00.000Z,2021-11-14T00:00:00.000Z,2022-01-11T00:00:00.000Z,True,6f9f06c8-2a9e-4b02-86f2-58b00f227e5a,1983.75,0.0,1.0,GBP,False
208,46c35af1-e147-42cc-94f3-8205082b197e,2021-09-24T00:00:00.000Z,2021-09-25T00:00:00.000Z,2021-09-25T00:00:00.000Z,True,44aaffac-d0ee-497f-85d3-1bab5daa8f2b,800.0,0.0,1.0,GBP,False
209,b6d5b0dc-1483-4579-9bb4-b979d294669f,2021-09-29T00:00:00.000Z,2021-09-30T00:00:00.000Z,,False,8a6e1df3-67b0-4fc8-ae55-01cc3fc9fa09,1725.0,1725.0,1.0,GBP,False
210,e3037982-98c8-4501-9825-f2af5abc97f0,2021-10-01T00:00:00.000Z,2021-10-30T00:00:00.000Z,2021-10-30T00:00:00.000Z,True,1430511a-f15f-435e-901a-1801064b76c2,15.0,0.0,1.0,GBP,False
211,eeaa20f8-2cf2-464a-8433-be54bd92f8e5,2021-10-01T00:00:00.000Z,2021-12-14T00:00:00.000Z,2022-09-15T00:00:00.000Z,True,7385a88a-9e63-4a8d-b931-616baa7ebb15,2300.0,0.0,1.0,GBP,False
212,ca4c03a4-039d-4610-b39f-e73aa6d295d1,2021-10-05T00:00:00.000Z,2021-10-30T00:00:00.000Z,2021-11-30T00:00:00.000Z,True,89ea79cb-a445-4720-8368-b0887f4157bb,140.48443921055076,0.0,20.4649,ZAR,False
213,7a1e2c37-f07c-4d45-8e78-830cb5e884d8,2021-10-08T00:00:00.000Z,2021-11-30T00:00:00.000Z,2021-11-30T00:00:00.000Z,True,1e6ba27d-e209-4b30-8894-8e1190c391e4,115.0,0.0,1.0,GBP,False
214,78c787c1-8da0-4db3-aba8-50f28ba81e3c,2021-10-24T00:00:00.000Z,2021-10-25T00:00:00.000Z,2021-10-25T00:00:00.000Z,True,44aaffac-d0ee-497f-85d3-1bab5daa8f2b,800.0,0.0,1.0,GBP,False
215,09b325e7-6783-459d-a974-214ecfb5d835,2021-10-27T00:00:00.000Z,2021-10-11T00:00:00.000Z,2022-01-25T00:00:00.000Z,True,28e4dba4-d4bd-4cd0-9a2d-7fab94536d4e,1725.0,0.0,1.0,GBP,False
216,3f918931-174e-426b-becf-8003c222f1bf,2021-10-29T00:00:00.000Z,2021-10-30T00:00:00.000Z,,False,8a6e1df3-67b0-4fc8-ae55-01cc3fc9fa09,1725.0,1725.0,1.0,GBP,False
217,1c669020-c0d3-4c42-8026-55c94bd8dc0c,2021-11-01T00:00:00.000Z,2021-12-30T00:00:00.000Z,2021-12-30T00:00:00.000Z,True,ed0c58ac-1aa4-41c0-a204-8dc5bc69ad8e,215.0,0.0,1.0,GBP,False
218,90d93893-1817-4af9-b946-89bca8e8ce0e,2021-11-01T00:00:00.000Z,2021-11-30T00:00:00.000Z,2021-11-30T00:00:00.000Z,True,1430511a-f15f-435e-901a-1801064b76c2,15.0,0.0,1.0,GBP,False
219,56b8e752-d3a4-43d5-9a80-f4586af30c17,2021-11-05T00:00:00.000Z,2021-11-30T00:00:00.000Z,,False,89ea79cb-a445-4720-8368-b0887f4157bb,141.6263134301154,0.0,20.2999,ZAR,False
220,476d2bf5-253f-4896-809b-8224cf80d4e6,2021-11-05T00:00:00.000Z,2021-11-30T00:00:00.000Z,2021-11-30T00:00:00.000Z,True,89ea79cb-a445-4720-8368-b0887f4157bb,250.0,0.0,1.0,GBP,False
221,7ad6f9c9-3738-46b9-b0ba-1fd5b0e74979,2021-11-08T00:00:00.000Z,2021-12-30T00:00:00.000Z,2021-12-30T00:00:00.000Z,True,1e6ba27d-e209-4b30-8894-8e1190c391e4,115.0,0.0,1.0,GBP,False
222,2a7db351-9e86-44ef-bea2-98fb38649c61,2021-11-14T00:00:00.000Z,2021-12-31T00:00:00.000Z,2021-12-31T00:00:00.000Z,True,ed0c58ac-1aa4-41c0-a204-8dc5bc69ad8e,230.0,0.0,1.0,GBP,False
223,983aac59-6d51-4879-9de6-49854e75df2a,2021-11-17T00:00:00.000Z,2021-12-30T00:00:00.000Z,2022-05-24T00:00:00.000Z,True,7385a88a-9e63-4a8d-b931-616baa7ebb15,2875.0,0.0,1.0,GBP,False
224,56bdb71f-637d-4204-b584-f17d6c6410d0,2021-11-24T00:00:00.000Z,2021-11-25T00:00:00.000Z,2021-11-25T00:00:00.000Z,True,44aaffac-d0ee-497f-85d3-1bab5daa8f2b,800.0,0.0,1.0,GBP,False
225,21c0be99-a6ac-46a9-8ecc-f01a77a613d3,2021-11-29T00:00:00.000Z,2021-11-30T00:00:00.000Z,,False,8a6e1df3-67b0-4fc8-ae55-01cc3fc9fa09,1725.0,1725.0,1.0,GBP,False
226,d261e1d7-a38f-4f05-870c-1f85558e1120,2021-12-01T00:00:00.000Z,2021-12-30T00:00:00.000Z,2021-12-31T00:00:00.000Z,True,1430511a-f15f-435e-901a-1801064b76c2,15.0,0.0,1.0,GBP,False
227,a9adea4f-d66f-4ea4-a06a-4fddd1bb64b2,2021-12-05T00:00:00.000Z,2021-12-30T00:00:00.000Z,,False,89ea79cb-a445-4720-8368-b0887f4157bb,134.93788163953045,0.0,21.3061,ZAR,False
228,7fd078cf-bdc3-4037-b836-6cb0196282cd,2021-12-05T00:00:00.000Z,2021-12-30T00:00:00.000Z,2021-12-30T00:00:00.000Z,True,89ea79cb-a445-4720-8368-b0887f4157bb,250.0,0.0,1.0,GBP,False
229,37fa3449-1ac4-4e16-9443-4546f01bdb9b,2021-12-08T00:00:00.000Z,2022-01-30T00:00:00.000Z,2022-01-30T00:00:00.000Z,True,1e6ba27d-e209-4b30-8894-8e1190c391e4,115.0,0.0,1.0,GBP,False
230,d1989665-7f6a-443e-af63-ca446e13d355,2021-12-12T00:00:00.000Z,2022-06-28T00:00:00.000Z,2022-06-13T00:00:00.000Z,True,bc9725f8-7e23-44cc-8112-a8f757208369,24150.0,0.0,1.0,GBP,False
231,da9f96b9-81ca-4e33-8108-336452e5540b,2021-12-14T00:00:00.000Z,2021-12-28T00:00:00.000Z,2022-01-25T00:00:00.000Z,True,89ea79cb-a445-4720-8368-b0887f4157bb,115.0,0.0,1.0,GBP,False
232,1a0f1845-e14e-443f-afec-98e9771a4bcb,2021-12-24T00:00:00.000Z,2021-12-25T00:00:00.000Z,2021-12-25T00:00:00.000Z,True,44aaffac-d0ee-497f-85d3-1bab5daa8f2b,800.0,0.0,1.0,GBP,False
233,027cc512-3fc2-4e2f-9fe0-f2c94790fca7,2021-12-28T00:00:00.000Z,2021-12-30T00:00:00.000Z,2022-01-31T00:00:00.000Z,True,6f9f06c8-2a9e-4b02-86f2-58b00f227e5a,172.5,0.0,1.0,GBP,False
234,42df2846-97f6-4910-bc59-b6184153da63,2021-12-29T00:00:00.000Z,2021-12-30T00:00:00.000Z,,False,8a6e1df3-67b0-4fc8-ae55-01cc3fc9fa09,1725.0,1725.0,1.0,GBP,False
235,c3af293a-688b-4c23-9930-97008f99e856,2021-12-30T00:00:00.000Z,2021-12-31T00:00:00.000Z,2021-12-31T00:00:00.000Z,True,44aaffac-d0ee-497f-85d3-1bab5daa8f2b,200.0,0.0,1.0,GBP,False
236,e21f6b94-6c85-4169-be0a-ad0eb11b2ebc,2022-01-01T00:00:00.000Z,2022-01-30T00:00:00.000Z,2022-04-30T00:00:00.000Z,True,1430511a-f15f-435e-901a-1801064b76c2,15.0,0.0,1.0,GBP,False
237,f7c15dee-9328-48c0-8069-b19052efaebd,2022-01-01T00:00:00.000Z,2022-02-25T00:00:00.000Z,2022-02-25T00:00:00.000Z,True,1430511a-f15f-435e-901a-1801064b76c2,650.0,0.0,1.0,GBP,False
238,dbdb7623-8ea9-4bc6-a265-0214ea13d885,2022-01-05T00:00:00.000Z,2022-01-30T00:00:00.000Z,,False,89ea79cb-a445-4720-8368-b0887f4157bb,133.3927220930826,0.0,21.5529,ZAR,False
239,cda8da57-33e3-4c92-bcaa-2f6cebd99381,2022-01-05T00:00:00.000Z,2022-01-30T00:00:00.000Z,2022-01-30T00:00:00.000Z,True,89ea79cb-a445-4720-8368-b0887f4157bb,250.0,0.0,1.0,GBP,False
240,0cfe995a-0623-47cf-b34c-007e6ec83518,2022-01-08T00:00:00.000Z,2022-02-28T00:00:00.000Z,2022-04-28T00:00:00.000Z,True,1e6ba27d-e209-4b30-8894-8e1190c391e4,115.0,0.0,1.0,GBP,False
241,958468c5-03f9-42f6-95a6-9c82538e741a,2022-01-19T00:00:00.000Z,2022-04-30T00:00:00.000Z,2022-03-29T00:00:00.000Z,True,7385a88a-9e63-4a8d-b931-616baa7ebb15,1983.75,0.0,1.0,GBP,False
242,da09c758-dc6f-4268-ab09-75d90a064b64,2022-01-24T00:00:00.000Z,2022-01-25T00:00:00.000Z,2022-01-25T00:00:00.000Z,True,44aaffac-d0ee-497f-85d3-1bab5daa8f2b,800.0,0.0,1.0,GBP,False
243,66f69d5d-417f-4b70-9b04-ec6411b5f1bb,2022-01-27T00:00:00.000Z,2022-01-31T00:00:00.000Z,2022-02-01T00:00:00.000Z,True,ed0c58ac-1aa4-41c0-a204-8dc5bc69ad8e,155.25,0.0,1.0,GBP,False
244,ff01bfd0-3e56-4d35-b67e-24611f6664eb,2022-01-28T00:00:00.000Z,2022-01-30T00:00:00.000Z,2022-01-30T00:00:00.000Z,True,6f9f06c8-2a9e-4b02-86f2-58b00f227e5a,172.5,0.0,1.0,GBP,False
245,98735c45-e857-4f72-b184-eb4cf6cbf426,2022-01-29T00:00:00.000Z,2022-01-30T00:00:00.000Z,2022-01-30T00:00:00.000Z,True,8a6e1df3-67b0-4fc8-ae55-01cc3fc9fa09,1725.0,0.0,1.0,GBP,False
246,3e103114-28bf-4076-8c90-996ac6d8b6b5,2022-02-01T00:00:00.000Z,2022-02-28T00:00:00.000Z,2022-02-28T00:00:00.000Z,True,1430511a-f15f-435e-901a-1801064b76c2,15.0,0.0,1.0,GBP,False
247,637b418f-3ab6-4371-8006-f1d289f97223,2022-02-01T00:00:00.000Z,2022-03-25T00:00:00.000Z,2022-04-25T00:00:00.000Z,True,1430511a-f15f-435e-901a-1801064b76c2,650.0,0.0,1.0,GBP,False
248,0b2629b7-95a4-4104-a94a-b8616ce4f951,2022-02-05T00:00:00.000Z,2022-02-28T00:00:00.000Z,,False,89ea79cb-a445-4720-8368-b0887f4157bb,137.35869970282744,0.0,20.9306,ZAR,False
249,3f49dc63-4b59-48fd-8259-0c7075ec2dae,2022-02-05T00:00:00.000Z,2022-02-28T00:00:00.000Z,2022-02-28T00:00:00.000Z,True,89ea79cb-a445-4720-8368-b0887f4157bb,250.0,0.0,1.0,GBP,False
250,10eea67e-29e5-4a46-afdd-16ec667b9ec7,2022-02-08T00:00:00.000Z,2022-03-30T00:00:00.000Z,2022-03-30T00:00:00.000Z,True,1e6ba27d-e209-4b30-8894-8e1190c391e4,115.0,0.0,1.0,GBP,False
251,2741c58d-2e09-45d4-a4fd-21552627d9bf,2022-02-13T00:00:00.000Z,2022-03-29T00:00:00.000Z,2022-06-29T00:00:00.000Z,True,ed0c58ac-1aa4-41c0-a204-8dc5bc69ad8e,115.0,0.0,1.0,GBP,False
252,c2f73379-5f72-4930-918d-f1e690e680b8,2022-02-24T00:00:00.000Z,2022-02-25T00:00:00.000Z,2022-02-25T00:00:00.000Z,True,44aaffac-d0ee-497f-85d3-1bab5daa8f2b,800.0,0.0,1.0,GBP,False
253,ba2c5664-7505-44b1-bba1-29583ef4e88b,2022-02-28T00:00:00.000Z,2022-02-28T00:00:00.000Z,2022-03-31T00:00:00.000Z,True,6f9f06c8-2a9e-4b02-86f2-58b00f227e5a,172.5,0.0,1.0,GBP,False
254,43dc28ca-918b-472d-9f53-0c7d1767ff5d,2022-02-28T00:00:00.000Z,2022-02-28T00:00:00.000Z,2022-02-28T00:00:00.000Z,True,8a6e1df3-67b0-4fc8-ae55-01cc3fc9fa09,1725.0,0.0,1.0,GBP,False
255,44489a4f-4876-451a-b2aa-7222854e2819,2022-03-01T00:00:00.000Z,2022-03-30T00:00:00.000Z,2022-03-30T00:00:00.000Z,True,1430511a-f15f-435e-901a-1801064b76c2,15.0,0.0,1.0,GBP,False
256,8a0eb038-64ed-47a8-972f-79f695a6fcdf,2022-03-01T00:00:00.000Z,2022-05-31T00:00:00.000Z,2022-05-31T00:00:00.000Z,True,0c9af104-858d-44bc-aeba-ba3b4e6b9d5d,23000.0,0.0,1.0,GBP,False
257,dd23e22a-191c-48ef-971c-bb1d07305f52,2022-03-01T00:00:00.000Z,2022-04-25T00:00:00.000Z,2022-05-09T00:00:00.000Z,True,1430511a-f15f-435e-901a-1801064b76c2,650.0,0.0,1.0,GBP,False
258,7bb8d340-4824-4b9d-9caf-9e0b634d4a93,2022-03-05T00:00:00.000Z,2022-03-30T00:00:00.000Z,,False,89ea79cb-a445-4720-8368-b0887f4157bb,141.58237385626066,0.0,20.3062,ZAR,False
259,8dc8179a-e493-4bbf-9940-00aee339adf7,2022-03-05T00:00:00.000Z,2022-03-30T00:00:00.000Z,2022-03-30T00:00:00.000Z,True,89ea79cb-a445-4720-8368-b0887f4157bb,250.0,0.0,1.0,GBP,False
260,3cfd285c-01d2-436c-acc7-6d7ee879ca18,2022-03-08T00:00:00.000Z,2022-04-30T00:00:00.000Z,2022-03-09T00:00:00.000Z,True,1e6ba27d-e209-4b30-8894-8e1190c391e4,115.0,0.0,1.0,GBP,False
261,3d380a61-301f-4e10-8cdc-59179559f22c,2022-03-16T00:00:00.000Z,2022-05-17T00:00:00.000Z,2022-05-17T00:00:00.000Z,True,ed0c58ac-1aa4-41c0-a204-8dc5bc69ad8e,57.5,0.0,1.0,GBP,False
262,98517217-b0bd-49ad-9b42-a897bd8ab9d0,2022-03-24T00:00:00.000Z,2022-03-25T00:00:00.000Z,2022-03-25T00:00:00.000Z,True,44aaffac-d0ee-497f-85d3-1bab5daa8f2b,800.0,0.0,1.0,GBP,False
263,cf4330c7-3130-4bed-a11b-2d481c8606b9,2022-03-25T00:00:00.000Z,2022-03-26T00:00:00.000Z,2022-03-26T00:00:00.000Z,True,273eb8ed-cc9a-4f69-bc0b-fe80c1c37cd4,2500.0,0.0,1.0,GBP,False
264,73d2798a-f58d-4554-9f94-0e46ccf8b5de,2022-03-28T00:00:00.000Z,2022-03-30T00:00:00.000Z,2022-04-30T00:00:00.000Z,True,6f9f06c8-2a9e-4b02-86f2-58b00f227e5a,172.5,0.0,1.0,GBP,False
265,e6a1e003-6e27-401b-8441-a9a1112c67d9,2022-03-29T00:00:00.000Z,2022-03-30T00:00:00.000Z,2022-05-30T00:00:00.000Z,True,8a6e1df3-67b0-4fc8-ae55-01cc3fc9fa09,1725.0,0.0,1.0,GBP,False
266,f2f35e2a-f5b9-4f34-955b-a1f31ce9a076,2022-04-01T00:00:00.000Z,2022-04-30T00:00:00.000Z,2022-04-30T00:00:00.000Z,True,1430511a-f15f-435e-901a-1801064b76c2,15.0,0.0,1.0,GBP,False
267,ed097a46-1ef3-497a-aaea-4bbdbaaf9650,2022-04-01T00:00:00.000Z,2022-05-31T00:00:00.000Z,2022-05-31T00:00:00.000Z,True,ed0c58ac-1aa4-41c0-a204-8dc5bc69ad8e,230.0,0.0,1.0,GBP,False
268,3aedb357-9e31-49fa-9411-339e5ed8bac3,2022-04-01T00:00:00.000Z,2022-04-30T00:00:00.000Z,2022-04-30T00:00:00.000Z,True,7385a88a-9e63-4a8d-b931-616baa7ebb15,1725.0,0.0,1.0,GBP,False
269,6bc1d7e6-73fb-4270-8716-f358988bc995,2022-04-01T00:00:00.000Z,2022-05-30T00:00:00.000Z,2022-05-30T00:00:00.000Z,True,0c9af104-858d-44bc-aeba-ba3b4e6b9d5d,11500.0,0.0,1.0,GBP,False
270,0b74434a-6219-41ac-b57c-c6be28279a5e,2022-04-01T00:00:00.000Z,2022-05-25T00:00:00.000Z,2022-05-25T00:00:00.000Z,True,1430511a-f15f-435e-901a-1801064b76c2,650.0,0.0,1.0,GBP,False
271,8916b776-94fd-4715-bf47-92a72fce5c15,2022-04-05T00:00:00.000Z,2022-04-30T00:00:00.000Z,,False,89ea79cb-a445-4720-8368-b0887f4157bb,150.3032204098703,0.0,19.128,ZAR,False
272,ff40e46d-7330-42c0-a24c-33da9554ea7a,2022-04-05T00:00:00.000Z,2022-04-30T00:00:00.000Z,2022-04-30T00:00:00.000Z,True,89ea79cb-a445-4720-8368-b0887f4157bb,250.0,0.0,1.0,GBP,False
273,ebb25811-4043-4e71-a0b2-8189361b3178,2022-04-08T00:00:00.000Z,2022-05-30T00:00:00.000Z,2022-05-30T00:00:00.000Z,True,1e6ba27d-e209-4b30-8894-8e1190c391e4,115.0,0.0,1.0,GBP,False
274,2489c995-a60a-4892-9cf4-56216fa8eb91,2022-04-10T00:00:00.000Z,2022-04-27T00:00:00.000Z,2022-04-27T00:00:00.000Z,True,631dbdc8-94f5-4cb9-a9bd-9707873d0581,172.5,0.0,1.0,GBP,False
275,ea705f83-049c-4c70-9fc4-61b42938a2cc,2022-04-11T00:00:00.000Z,2022-04-27T00:00:00.000Z,2022-04-27T00:00:00.000Z,True,763190a0-8e54-4082-ad28-4b25aaf3b31d,150000.0,0.0,1.0,GBP,False
276,05029b84-355f-446d-906e-b7a6df2cef8b,2022-04-11T00:00:00.000Z,2022-05-25T00:00:00.000Z,2022-04-30T00:00:00.000Z,True,2ef70219-eed4-4d6b-a152-5885e7024b49,230.0,0.0,1.0,GBP,False
277,a51aafb9-bafd-4666-a6cb-a2adcdc2d5de,2022-04-24T00:00:00.000Z,2022-04-25T00:00:00.000Z,2022-04-25T00:00:00.000Z,True,44aaffac-d0ee-497f-85d3-1bab5daa8f2b,800.0,0.0,1.0,GBP,False
278,7efc17f6-4fff-40b7-86f3-368e6472ea7e,2022-04-25T00:00:00.000Z,2022-04-26T00:00:00.000Z,2022-04-26T00:00:00.000Z,True,273eb8ed-cc9a-4f69-bc0b-fe80c1c37cd4,2500.0,0.0,1.0,GBP,False
279,48a7fd52-33f2-4891-bf7f-f31e75eeb73e,2022-04-28T00:00:00.000Z,2022-04-30T00:00:00.000Z,2022-04-30T00:00:00.000Z,True,6f9f06c8-2a9e-4b02-86f2-58b00f227e5a,172.5,0.0,1.0,GBP,False
280,75ab2365-401b-45a2-8883-4edd1fa99df5,2022-04-29T00:00:00.000Z,2022-04-30T00:00:00.000Z,2022-04-30T00:00:00.000Z,True,8a6e1df3-67b0-4fc8-ae55-01cc3fc9fa09,1725.0,0.0,1.0,GBP,False
281,89c96992-624b-4be8-8c23-80deea480207,2022-04-30T00:00:00.000Z,2022-04-30T00:00:00.000Z,2022-05-30T00:00:00.000Z,True,44aaffac-d0ee-497f-85d3-1bab5daa8f2b,3000.0,0.0,1.0,GBP,False
282,b175a000-ac55-4dd6-b02f-c521d9d49ff9,2022-05-01T00:00:00.000Z,2022-05-30T00:00:00.000Z,2022-05-30T00:00:00.000Z,True,1e6f39b7-de54-4df7-aa60-ce090fb54705,2500.0,0.0,1.0,GBP,False
283,7874ee80-b13a-4ac3-a100-f7ea092a9423,2022-05-01T00:00:00.000Z,2022-05-30T00:00:00.000Z,2022-06-30T00:00:00.000Z,True,7385a88a-9e63-4a8d-b931-616baa7ebb15,1725.0,0.0,1.0,GBP,False
284,a4fe149e-d76b-4960-a0d7-512ec5c39c5a,2022-05-01T00:00:00.000Z,2022-06-25T00:00:00.000Z,2022-06-25T00:00:00.000Z,True,1430511a-f15f-435e-901a-1801064b76c2,650.0,0.0,1.0,GBP,False
285,df857261-2aa9-4645-9a33-0b40e0271697,2022-05-01T00:00:00.000Z,2022-05-30T00:00:00.000Z,2022-05-30T00:00:00.000Z,True,1430511a-f15f-435e-901a-1801064b76c2,15.0,0.0,1.0,GBP,False
286,ad39d728-9eec-435f-b929-7e6e6af3dc39,2022-05-01T00:00:00.000Z,2022-06-30T00:00:00.000Z,2022-06-14T00:00:00.000Z,True,0c9af104-858d-44bc-aeba-ba3b4e6b9d5d,11500.0,0.0,1.0,GBP,False
287,b4499f4e-99ba-4bb2-9d56-9023bd590d71,2022-05-05T00:00:00.000Z,2022-05-30T00:00:00.000Z,2022-05-30T00:00:00.000Z,True,89ea79cb-a445-4720-8368-b0887f4157bb,250.0,0.0,1.0,GBP,False
288,89949835-a18a-4b39-b0a2-b2d11fb30c48,2022-05-08T00:00:00.000Z,2022-06-30T00:00:00.000Z,2022-06-30T00:00:00.000Z,True,1e6ba27d-e209-4b30-8894-8e1190c391e4,115.0,0.0,1.0,GBP,False
289,110c0c16-fb1e-48a8-8e9a-285e491cb686,2022-05-10T00:00:00.000Z,2022-06-08T00:00:00.000Z,2022-08-15T00:00:00.000Z,True,c7060a16-02ba-4029-ab85-4369caa9f18a,287.5,0.0,1.0,GBP,False
290,beb11a59-9985-4fa6-a193-44f0b3482718,2022-05-18T00:00:00.000Z,2022-06-07T00:00:00.000Z,2022-06-06T00:00:00.000Z,True,ed0c58ac-1aa4-41c0-a204-8dc5bc69ad8e,69.0,0.0,1.0,GBP,False
291,21879939-6fe7-4055-a929-10a9288fa1ea,2022-05-19T00:00:00.000Z,2022-05-31T00:00:00.000Z,2022-05-31T00:00:00.000Z,True,763190a0-8e54-4082-ad28-4b25aaf3b31d,15000.0,0.0,1.0,GBP,False
292,e22a1134-e534-4a23-9993-e93202801ce7,2022-05-24T00:00:00.000Z,2022-05-25T00:00:00.000Z,2022-05-25T00:00:00.000Z,True,44aaffac-d0ee-497f-85d3-1bab5daa8f2b,1500.0,0.0,1.0,GBP,False
293,2158ea33-7afa-44b3-be43-0616b8fc84c0,2022-05-25T00:00:00.000Z,2022-05-26T00:00:00.000Z,2022-05-26T00:00:00.000Z,True,273eb8ed-cc9a-4f69-bc0b-fe80c1c37cd4,2500.0,0.0,1.0,GBP,False
294,f4f22ee6-2ec0-4aa7-bac0-e35004ae1835,2022-05-28T00:00:00.000Z,2022-05-30T00:00:00.000Z,2022-05-28T00:00:00.000Z,True,6f9f06c8-2a9e-4b02-86f2-58b00f227e5a,172.5,0.0,1.0,GBP,False
295,9063c012-1829-4610-a375-0bf28cdb8a6d,2022-05-29T00:00:00.000Z,2022-05-30T00:00:00.000Z,2022-05-30T00:00:00.000Z,True,8a6e1df3-67b0-4fc8-ae55-01cc3fc9fa09,1725.0,0.0,1.0,GBP,False
296,242bf7ef-404a-4b05-bffb-22afc31f14a8,2022-06-01T00:00:00.000Z,2022-06-30T00:00:00.000Z,2022-06-30T00:00:00.000Z,True,7385a88a-9e63-4a8d-b931-616baa7ebb15,1725.0,0.0,1.0,GBP,False
297,ebe6263b-7e7d-4833-be7c-778e0fa1d6eb,2022-06-01T00:00:00.000Z,2022-06-30T00:00:00.000Z,2022-06-30T00:00:00.000Z,True,1430511a-f15f-435e-901a-1801064b76c2,15.0,0.0,1.0,GBP,False
298,1b293f27-f70a-4592-9650-a895d968d78f,2022-06-01T00:00:00.000Z,2022-07-30T00:00:00.000Z,2022-06-30T00:00:00.000Z,True,0c9af104-858d-44bc-aeba-ba3b4e6b9d5d,11500.0,0.0,1.0,GBP,False
299,a5eae514-0ea4-4d36-887e-cd5db24155f7,2022-06-01T00:00:00.000Z,2022-07-25T00:00:00.000Z,2022-06-25T00:00:00.000Z,True,1430511a-f15f-435e-901a-1801064b76c2,650.0,0.0,1.0,GBP,False
300,f5ee7f58-0ffd-4035-8f05-8abfd41701c9,2022-06-02T00:00:00.000Z,2022-06-06T00:00:00.000Z,2022-06-13T00:00:00.000Z,True,ed0c58ac-1aa4-41c0-a204-8dc5bc69ad8e,57.5,0.0,1.0,GBP,False
301,3b2acc0c-fbd5-4e81-a576-ceee39a0c5ef,2022-06-05T00:00:00.000Z,2022-06-30T00:00:00.000Z,2022-06-30T00:00:00.000Z,True,89ea79cb-a445-4720-8368-b0887f4157bb,250.0,0.0,1.0,GBP,False
302,4c9b3e24-273b-4d8f-a242-a60937a68b2d,2022-06-08T00:00:00.000Z,2022-07-30T00:00:00.000Z,2022-07-30T00:00:00.000Z,True,1e6ba27d-e209-4b30-8894-8e1190c391e4,115.0,0.0,1.0,GBP,False
303,d950965b-0003-4d15-92d3-7d0154e7a5b0,2022-06-13T00:00:00.000Z,2022-06-28T00:00:00.000Z,2022-06-28T00:00:00.000Z,True,ed0c58ac-1aa4-41c0-a204-8dc5bc69ad8e,154.1,0.0,1.0,GBP,False
304,7732c851-ac7c-4fd9-8b8b-a22ab56a6fb6,2022-06-24T00:00:00.000Z,2022-06-25T00:00:00.000Z,2022-07-17T00:00:00.000Z,True,44aaffac-d0ee-497f-85d3-1bab5daa8f2b,1500.0,0.0,1.0,GBP,False
305,286bb3ff-d8f8-4b3b-9c75-8a6e3a8e1927,2022-06-25T00:00:00.000Z,2022-06-26T00:00:00.000Z,2022-07-26T00:00:00.000Z,True,273eb8ed-cc9a-4f69-bc0b-fe80c1c37cd4,2500.0,0.0,1.0,GBP,False
306,6bc7bb09-4b1a-4769-b17b-5d9589d6858a,2022-06-28T00:00:00.000Z,2022-06-30T00:00:00.000Z,2022-07-28T00:00:00.000Z,True,6f9f06c8-2a9e-4b02-86f2-58b00f227e5a,172.5,0.0,1.0,GBP,False
307,99767e44-e4db-4733-b10b-f58d7958aa0c,2022-06-29T00:00:00.000Z,2022-06-30T00:00:00.000Z,2022-06-30T00:00:00.000Z,True,8a6e1df3-67b0-4fc8-ae55-01cc3fc9fa09,1725.0,0.0,1.0,GBP,False
308,8a9cd9c1-eb2b-44a2-9d0d-cf0890003292,2022-07-01T00:00:00.000Z,2022-08-30T00:00:00.000Z,2022-09-30T00:00:00.000Z,True,0c9af104-858d-44bc-aeba-ba3b4e6b9d5d,11500.0,0.0,1.0,GBP,False
309,df36010f-3926-4d12-b054-7140cd761263,2022-07-01T00:00:00.000Z,2022-07-30T00:00:00.000Z,2022-07-30T00:00:00.000Z,True,1430511a-f15f-435e-901a-1801064b76c2,15.0,0.0,1.0,GBP,False
310,5c19a06d-55ad-4dd3-b005-2d23ec8b65a1,2022-07-01T00:00:00.000Z,2022-07-30T00:00:00.000Z,2022-07-30T00:00:00.000Z,True,7385a88a-9e63-4a8d-b931-616baa7ebb15,1725.0,0.0,1.0,GBP,False
311,2ac5f9e8-9ebb-43e4-92dc-22807ee2530d,2022-07-01T00:00:00.000Z,2022-08-25T00:00:00.000Z,2022-08-25T00:00:00.000Z,True,1430511a-f15f-435e-901a-1801064b76c2,650.0,0.0,1.0,GBP,False
312,b2ac67e9-6c3d-4e00-9540-3a8e0b7b5eb2,2022-07-05T00:00:00.000Z,2022-07-30T00:00:00.000Z,2022-08-30T00:00:00.000Z,True,89ea79cb-a445-4720-8368-b0887f4157bb,250.0,0.0,1.0,GBP,False
313,d14e9cf7-cce8-4ad5-9325-3e6901044e43,2022-07-08T00:00:00.000Z,2022-08-30T00:00:00.000Z,2022-08-30T00:00:00.000Z,True,1e6ba27d-e209-4b30-8894-8e1190c391e4,115.0,0.0,1.0,GBP,False
314,1b58de77-45d9-42e3-a898-524f56edd043,2022-07-24T00:00:00.000Z,2022-07-25T00:00:00.000Z,2022-07-28T00:00:00.000Z,True,44aaffac-d0ee-497f-85d3-1bab5daa8f2b,1500.0,0.0,1.0,GBP,False
315,17b3fa2f-a515-43f4-94f3-ebd1cdb5bf0d,2022-07-25T00:00:00.000Z,2022-07-26T00:00:00.000Z,2022-07-28T00:00:00.000Z,True,273eb8ed-cc9a-4f69-bc0b-fe80c1c37cd4,2500.0,0.0,1.0,GBP,False
316,9e109aa6-1368-4225-9138-08a832f2afb6,2022-07-28T00:00:00.000Z,2022-07-30T00:00:00.000Z,2022-07-30T00:00:00.000Z,True,6f9f06c8-2a9e-4b02-86f2-58b00f227e5a,172.5,0.0,1.0,GBP,False
317,0e82195a-d81d-4b84-b32a-5f573679b46c,2022-07-29T00:00:00.000Z,2022-07-30T00:00:00.000Z,2022-07-30T00:00:00.000Z,True,8a6e1df3-67b0-4fc8-ae55-01cc3fc9fa09,1725.0,0.0,1.0,GBP,False
318,700a49c3-9b11-4b6f-9101-6c4ca513c55a,2022-08-01T00:00:00.000Z,2022-08-30T00:00:00.000Z,2022-08-30T00:00:00.000Z,True,1430511a-f15f-435e-901a-1801064b76c2,15.0,0.0,1.0,GBP,False
319,bd3ca56b-041c-4eda-b146-05b786233ac3,2022-08-01T00:00:00.000Z,2022-09-01T00:00:00.000Z,2022-09-01T00:00:00.000Z,True,6f9f06c8-2a9e-4b02-86f2-58b00f227e5a,1150.0,0.0,1.0,GBP,False
320,52d33bc2-a6e7-46c2-9490-ef9e920ea93f,2022-08-01T00:00:00.000Z,2022-08-30T00:00:00.000Z,2022-08-30T00:00:00.000Z,True,7385a88a-9e63-4a8d-b931-616baa7ebb15,1725.0,0.0,1.0,GBP,False
321,0c55bab2-24e1-4d85-89ef-f57878d3af09,2022-08-01T00:00:00.000Z,2022-09-30T00:00:00.000Z,2022-09-30T00:00:00.000Z,True,0c9af104-858d-44bc-aeba-ba3b4e6b9d5d,11500.0,0.0,1.0,GBP,False
322,abe55ecf-4311-4b63-878d-dd2d359940b6,2022-08-01T00:00:00.000Z,2022-09-25T00:00:00.000Z,2022-09-25T00:00:00.000Z,True,1430511a-f15f-435e-901a-1801064b76c2,650.0,0.0,1.0,GBP,False
323,30d0884d-8ce8-4bca-9b31-eb1420f08837,2022-08-05T00:00:00.000Z,2022-08-30T00:00:00.000Z,2022-08-05T00:00:00.000Z,True,89ea79cb-a445-4720-8368-b0887f4157bb,250.0,0.0,1.0,GBP,False
324,58b45102-c9dc-45e1-8d05-c9111c11537c,2022-08-08T00:00:00.000Z,2022-09-30T00:00:00.000Z,2022-09-30T00:00:00.000Z,True,1e6ba27d-e209-4b30-8894-8e1190c391e4,115.0,0.0,1.0,GBP,False
325,b028fde6-9a6e-4c3f-aca8-b1c9b827482f,2022-08-24T00:00:00.000Z,2022-08-25T00:00:00.000Z,2022-08-25T00:00:00.000Z,True,44aaffac-d0ee-497f-85d3-1bab5daa8f2b,1500.0,0.0,1.0,GBP,False
326,54a0e447-3af8-4114-bf71-aaeb916d2e3a,2022-08-25T00:00:00.000Z,2022-08-26T00:00:00.000Z,2022-08-31T00:00:00.000Z,True,273eb8ed-cc9a-4f69-bc0b-fe80c1c37cd4,2500.0,0.0,1.0,GBP,False
327,a0aa9730-51c2-4955-825f-04c5ac2aedcd,2022-08-28T00:00:00.000Z,2022-08-30T00:00:00.000Z,2022-08-30T00:00:00.000Z,True,6f9f06c8-2a9e-4b02-86f2-58b00f227e5a,172.5,0.0,1.0,GBP,False
328,71913db8-cdf1-448f-bd13-c26e312c61e0,2022-08-29T00:00:00.000Z,2022-08-30T00:00:00.000Z,2022-08-30T00:00:00.000Z,True,8a6e1df3-67b0-4fc8-ae55-01cc3fc9fa09,1725.0,0.0,1.0,GBP,False
329,4ed168ef-bec6-4d41-a661-1d8c1e2a2ac6,2022-09-01T00:00:00.000Z,2022-09-30T00:00:00.000Z,2022-09-30T00:00:00.000Z,True,7385a88a-9e63-4a8d-b931-616baa7ebb15,1725.0,0.0,1.0,GBP,False
330,f294970d-07b3-49c2-b586-e53eb4afa48b,2022-09-01T00:00:00.000Z,2022-09-30T00:00:00.000Z,2022-09-30T00:00:00.000Z,True,1430511a-f15f-435e-901a-1801064b76c2,15.0,0.0,1.0,GBP,False
331,5a560cf5-294b-45e5-a70a-3239054e91be,2022-09-01T00:00:00.000Z,2022-10-30T00:00:00.000Z,2022-10-30T00:00:00.000Z,True,0c9af104-858d-44bc-aeba-ba3b4e6b9d5d,11500.0,0.0,1.0,GBP,False
332,2ecb57f6-7b4e-4bac-b499-9c2594d36ca5,2022-09-01T00:00:00.000Z,2022-10-25T00:00:00.000Z,2022-10-25T00:00:00.000Z,True,1430511a-f15f-435e-901a-1801064b76c2,650.0,0.0,1.0,GBP,False
333,295fa554-f9f5-42d9-aba1-dc353b279a50,2022-09-04T00:00:00.000Z,2022-10-31T00:00:00.000Z,2022-10-31T00:00:00.000Z,True,763190a0-8e54-4082-ad28-4b25aaf3b31d,11500.0,0.0,1.0,GBP,False
334,56b4901b-9314-4657-82f7-80f2e1099cfb,2022-09-05T00:00:00.000Z,2022-09-30T00:00:00.000Z,2022-09-30T00:00:00.000Z,True,89ea79cb-a445-4720-8368-b0887f4157bb,250.0,0.0,1.0,GBP,False
335,ef12f425-c40a-47f5-bad1-f62f60ee2c2d,2022-09-08T00:00:00.000Z,2022-10-30T00:00:00.000Z,2022-10-30T00:00:00.000Z,True,1e6ba27d-e209-4b30-8894-8e1190c391e4,115.0,0.0,1.0,GBP,False
336,16b5fe38-5924-48a3-9059-b1e93181226e,2022-09-15T00:00:00.000Z,2022-09-30T00:00:00.000Z,2022-09-30T00:00:00.000Z,True,763190a0-8e54-4082-ad28-4b25aaf3b31d,67500.0,0.0,1.0,GBP,False
337,a0853f1a-ea68-4690-9063-e66b6fea01bb,2022-09-15T00:00:00.000Z,2022-11-15T00:00:00.000Z,2022-11-15T00:00:00.000Z,True,bc9725f8-7e23-44cc-8112-a8f757208369,4916.25,0.0,1.0,GBP,False
338,4b868f3b-6cb0-4ed5-af74-0db9bec04d71,2022-09-24T00:00:00.000Z,2022-09-25T00:00:00.000Z,2022-09-25T00:00:00.000Z,True,44aaffac-d0ee-497f-85d3-1bab5daa8f2b,1500.0,0.0,1.0,GBP,False
339,e1f3543a-7d7e-4eb4-b475-b70f6b17386f,2022-09-25T00:00:00.000Z,2022-09-26T00:00:00.000Z,2022-09-26T00:00:00.000Z,True,273eb8ed-cc9a-4f69-bc0b-fe80c1c37cd4,2500.0,0.0,1.0,GBP,False
340,ed8057f9-995a-411d-a44c-f0f680858c8b,2022-09-28T00:00:00.000Z,2022-09-30T00:00:00.000Z,2022-09-30T00:00:00.000Z,True,e0857d09-69cc-4608-83b8-7e2083e678a3,5750.0,0.0,1.0,GBP,False
341,0a0a111a-7183-42b4-b044-e8ca97f286af,2022-09-28T00:00:00.000Z,2022-09-30T00:00:00.000Z,2022-09-30T00:00:00.000Z,True,6f9f06c8-2a9e-4b02-86f2-58b00f227e5a,172.5,0.0,1.0,GBP,False
342,423d601a-ebe0-42f2-82c0-f225bffcaf0a,2022-09-29T00:00:00.000Z,2022-10-29T00:00:00.000Z,2022-09-30T00:00:00.000Z,True,6f9f06c8-2a9e-4b02-86f2-58b00f227e5a,2645.0,0.0,1.0,GBP,False
343,68ae1e36-d173-4f56-8f2e-2344edc6fb64,2022-09-29T00:00:00.000Z,2022-09-30T00:00:00.000Z,2022-10-30T00:00:00.000Z,True,8a6e1df3-67b0-4fc8-ae55-01cc3fc9fa09,1725.0,0.0,1.0,GBP,False
344,0235db35-c060-4182-adfc-aa16a60e7d78,2022-09-30T00:00:00.000Z,2022-10-31T00:00:00.000Z,2022-10-31T00:00:00.000Z,True,a3b7040d-4a3b-4106-82e4-f382979ff77b,2012.5,0.0,1.0,GBP,False
345,9bdb1fb4-e45c-4cf7-96a1-9683b13104f0,2022-10-01T00:00:00.000Z,2022-11-25T00:00:00.000Z,2022-11-25T00:00:00.000Z,True,1430511a-f15f-435e-901a-1801064b76c2,650.0,0.0,1.0,GBP,False
346,f1cb1fbd-4f49-4246-aaae-2e3d2dd411fc,2022-10-01T00:00:00.000Z,2022-10-30T00:00:00.000Z,2022-10-30T00:00:00.000Z,True,1430511a-f15f-435e-901a-1801064b76c2,15.0,0.0,1.0,GBP,False
347,78476812-d424-40f6-89aa-84c9815130cb,2022-10-01T00:00:00.000Z,2022-10-30T00:00:00.000Z,2022-10-30T00:00:00.000Z,True,7385a88a-9e63-4a8d-b931-616baa7ebb15,1725.0,0.0,1.0,GBP,False
348,9d32705f-7202-4c06-8ce0-668293394f54,2022-10-01T00:00:00.000Z,2022-11-30T00:00:00.000Z,2022-11-30T00:00:00.000Z,True,0c9af104-858d-44bc-aeba-ba3b4e6b9d5d,11500.0,0.0,1.0,GBP,False
349,e43f546b-30ba-4f8d-9393-caf968826374,2022-10-05T00:00:00.000Z,2022-10-30T00:00:00.000Z,2022-10-30T00:00:00.000Z,True,89ea79cb-a445-4720-8368-b0887f4157bb,250.0,0.0,1.0,GBP,False
350,dc0a2d93-bd36-4e70-9242-22187b49957d,2022-10-08T00:00:00.000Z,2022-11-30T00:00:00.000Z,2022-11-30T00:00:00.000Z,True,1e6ba27d-e209-4b30-8894-8e1190c391e4,115.0,0.0,1.0,GBP,False
351,1d0b5a24-4497-4ee6-a142-6f16abf890d8,2022-10-24T00:00:00.000Z,2022-10-25T00:00:00.000Z,2022-10-25T00:00:00.000Z,True,44aaffac-d0ee-497f-85d3-1bab5daa8f2b,1500.0,0.0,1.0,GBP,False
352,7d8471d7-2553-4035-b28a-290659171e64,2022-10-25T00:00:00.000Z,2022-10-26T00:00:00.000Z,2022-10-26T00:00:00.000Z,True,273eb8ed-cc9a-4f69-bc0b-fe80c1c37cd4,2500.0,0.0,1.0,GBP,False
353,892415c9-27de-47c8-be3d-c142dde4ea62,2022-10-28T00:00:00.000Z,2022-10-30T00:00:00.000Z,2022-10-30T00:00:00.000Z,True,6f9f06c8-2a9e-4b02-86f2-58b00f227e5a,172.5,0.0,1.0,GBP,False
354,c8f59bb2-dd60-49df-92db-e8d2dbf44023,2022-10-29T00:00:00.000Z,2022-10-30T00:00:00.000Z,2022-10-30T00:00:00.000Z,True,8a6e1df3-67b0-4fc8-ae55-01cc3fc9fa09,1725.0,0.0,1.0,GBP,False
355,06f19dd6-3515-41fd-883d-de3b3b0f793d,2022-11-01T00:00:00.000Z,2022-11-30T00:00:00.000Z,2022-11-30T00:00:00.000Z,True,7385a88a-9e63-4a8d-b931-616baa7ebb15,1725.0,0.0,1.0,GBP,False
356,f933e1dd-4524-4761-b3ac-a3c20d5725a8,2022-11-01T00:00:00.000Z,2022-11-30T00:00:00.000Z,2022-11-30T00:00:00.000Z,True,1430511a-f15f-435e-901a-1801064b76c2,15.0,0.0,1.0,GBP,False
357,4d71f086-eaaf-4175-827a-9c03149ec711,2022-11-01T00:00:00.000Z,2022-12-30T00:00:00.000Z,2022-12-30T00:00:00.000Z,True,0c9af104-858d-44bc-aeba-ba3b4e6b9d5d,11500.0,0.0,1.0,GBP,False
358,e7802e55-dce5-45cc-9221-97257ee8c039,2022-11-01T00:00:00.000Z,2022-12-25T00:00:00.000Z,2022-12-25T00:00:00.000Z,True,1430511a-f15f-435e-901a-1801064b76c2,650.0,0.0,1.0,GBP,False
359,3868ae29-3fe0-4afb-8621-a1d2e03cf03a,2022-11-05T00:00:00.000Z,2022-11-30T00:00:00.000Z,2022-11-05T00:00:00.000Z,True,89ea79cb-a445-4720-8368-b0887f4157bb,250.0,0.0,1.0,GBP,False
360,c7a4b76f-fe49-448b-960f-868d92bf88d3,2022-11-08T00:00:00.000Z,2022-12-30T00:00:00.000Z,2022-12-30T00:00:00.000Z,True,1e6ba27d-e209-4b30-8894-8e1190c391e4,115.0,0.0,1.0,GBP,False
361,b4224a59-7314-4b15-8b5d-fdd87145f0bd,2022-11-24T00:00:00.000Z,2022-11-25T00:00:00.000Z,2022-11-25T00:00:00.000Z,True,44aaffac-d0ee-497f-85d3-1bab5daa8f2b,1500.0,0.0,1.0,GBP,False
362,002edd79-458e-4da5-9fa3-ab295f3a1754,2022-11-25T00:00:00.000Z,2022-11-26T00:00:00.000Z,2022-11-26T00:00:00.000Z,True,273eb8ed-cc9a-4f69-bc0b-fe80c1c37cd4,2500.0,0.0,1.0,GBP,False
363,58cb4e4e-a6a0-49ad-817c-e533acba7eba,2022-11-28T00:00:00.000Z,2022-11-30T00:00:00.000Z,2022-11-30T00:00:00.000Z,True,6f9f06c8-2a9e-4b02-86f2-58b00f227e5a,172.5,0.0,1.0,GBP,False
364,c1f06105-4465-483e-8b54-fd20eee74be5,2022-11-29T00:00:00.000Z,2022-11-30T00:00:00.000Z,2022-11-30T00:00:00.000Z,True,8a6e1df3-67b0-4fc8-ae55-01cc3fc9fa09,1725.0,0.0,1.0,GBP,False
365,6460f9a9-9e46-4bdc-a2c7-908ca807f757,2022-12-01T00:00:00.000Z,2023-01-30T00:00:00.000Z,2023-01-25T00:00:00.000Z,True,0c9af104-858d-44bc-aeba-ba3b4e6b9d5d,11500.0,0.0,1.0,GBP,False
366,cbe14271-d441-4a13-bf7c-9277acab127f,2022-12-01T00:00:00.000Z,2022-12-30T00:00:00.000Z,2022-12-30T00:00:00.000Z,True,7385a88a-9e63-4a8d-b931-616baa7ebb15,1725.0,0.0,1.0,GBP,False
367,16cb9841-acc2-42b6-a8da-96a4caea6b03,2022-12-01T00:00:00.000Z,2023-01-25T00:00:00.000Z,2023-01-25T00:00:00.000Z,True,1430511a-f15f-435e-901a-1801064b76c2,650.0,0.0,1.0,GBP,False
368,a4fdd2bd-4e24-446d-8dea-73f39eaeb8c1,2022-12-01T00:00:00.000Z,2022-12-30T00:00:00.000Z,2022-12-30T00:00:00.000Z,True,1430511a-f15f-435e-901a-1801064b76c2,15.0,0.0,1.0,GBP,False
369,453a0b3c-5eb3-4772-8177-f31d1c810994,2022-12-05T00:00:00.000Z,2022-12-30T00:00:00.000Z,2023-01-17T00:00:00.000Z,True,89ea79cb-a445-4720-8368-b0887f4157bb,250.0,0.0,1.0,GBP,False
370,63942613-8f19-4bb0-b592-7fdaeb5d8d83,2022-12-05T00:00:00.000Z,2023-01-04T00:00:00.000Z,2023-01-04T00:00:00.000Z,True,c7060a16-02ba-4029-ab85-4369caa9f18a,5750.0,0.0,1.0,GBP,False
371,8fd29829-59be-463e-a5b4-a30db0ac7015,2022-12-08T00:00:00.000Z,2023-01-30T00:00:00.000Z,2023-01-09T00:00:00.000Z,True,1e6ba27d-e209-4b30-8894-8e1190c391e4,115.0,0.0,1.0,GBP,False
372,af6fcca3-c75e-42e8-8ba1-0a093abdfa85,2022-12-24T00:00:00.000Z,2022-12-25T00:00:00.000Z,2022-12-25T00:00:00.000Z,True,44aaffac-d0ee-497f-85d3-1bab5daa8f2b,1500.0,0.0,1.0,GBP,False
373,6b72b836-079f-45b0-b3c0-48ad20176c5e,2022-12-25T00:00:00.000Z,2022-12-26T00:00:00.000Z,2023-01-08T00:00:00.000Z,True,273eb8ed-cc9a-4f69-bc0b-fe80c1c37cd4,2500.0,0.0,1.0,GBP,False
374,4ac08d6d-3477-46d7-a54f-78d4160eaff1,2022-12-28T00:00:00.000Z,2022-12-30T00:00:00.000Z,2022-12-30T00:00:00.000Z,True,6f9f06c8-2a9e-4b02-86f2-58b00f227e5a,172.5,0.0,1.0,GBP,False
375,588cbf99-a6ff-4eb8-b9c6-55e09255099d,2022-12-29T00:00:00.000Z,2022-12-30T00:00:00.000Z,2022-12-30T00:00:00.000Z,True,8a6e1df3-67b0-4fc8-ae55-01cc3fc9fa09,1725.0,0.0,1.0,GBP,False
376,30c042f6-3c3e-4da2-b004-d7a72bfca209,2023-01-01T00:00:00.000Z,2023-02-28T00:00:00.000Z,2023-02-28T00:00:00.000Z,True,0c9af104-858d-44bc-aeba-ba3b4e6b9d5d,11500.0,0.0,1.0,GBP,False
377,b4898ef8-17e6-486f-9a56-a7576e2f5ae1,2023-01-01T00:00:00.000Z,2023-01-30T00:00:00.000Z,2023-01-30T00:00:00.000Z,True,7385a88a-9e63-4a8d-b931-616baa7ebb15,1725.0,0.0,1.0,GBP,False
378,cc395736-9409-4c6b-ac77-4a67494a13f8,2023-01-01T00:00:00.000Z,2023-01-30T00:00:00.000Z,2023-01-30T00:00:00.000Z,True,1430511a-f15f-435e-901a-1801064b76c2,15.0,0.0,1.0,GBP,False
379,a0c0b460-5e3d-4823-81f4-c63a058caa9a,2023-01-01T00:00:00.000Z,2023-02-25T00:00:00.000Z,2023-02-25T00:00:00.000Z,True,1430511a-f15f-435e-901a-1801064b76c2,650.0,0.0,1.0,GBP,False
380,f69d0678-b5be-4e10-8ef0-928e17ec6d65,2023-01-05T00:00:00.000Z,2023-01-30T00:00:00.000Z,2023-01-30T00:00:00.000Z,True,89ea79cb-a445-4720-8368-b0887f4157bb,250.0,0.0,1.0,GBP,False
381,2926e3aa-83b9-475e-a080-8d0956ec4ad1,2023-01-05T00:00:00.000Z,2023-02-04T00:00:00.000Z,2023-02-04T00:00:00.000Z,True,c7060a16-02ba-4029-ab85-4369caa9f18a,5750.0,0.0,1.0,GBP,False
382,55e16442-47ab-4841-82f8-c20855ff5f14,2023-01-08T00:00:00.000Z,2023-02-28T00:00:00.000Z,2023-02-28T00:00:00.000Z,True,1e6ba27d-e209-4b30-8894-8e1190c391e4,115.0,0.0,1.0,GBP,False
383,66af389d-2891-44fb-8da9-beb60ccd16d5,2023-01-09T00:00:00.000Z,2023-02-07T00:00:00.000Z,2023-02-15T00:00:00.000Z,True,7385a88a-9e63-4a8d-b931-616baa7ebb15,1725.0,0.0,1.0,GBP,False
384,9d96c18e-fb77-4f47-b718-9803d98f72b2,2023-01-24T00:00:00.000Z,2023-01-25T00:00:00.000Z,2023-01-25T00:00:00.000Z,True,44aaffac-d0ee-497f-85d3-1bab5daa8f2b,1500.0,0.0,1.0,GBP,False
385,c20a6888-ceeb-4690-8d19-dafddb2fb5c4,2023-01-25T00:00:00.000Z,2023-01-26T00:00:00.000Z,2023-01-26T00:00:00.000Z,True,273eb8ed-cc9a-4f69-bc0b-fe80c1c37cd4,2500.0,0.0,1.0,GBP,False
386,a23a3e12-12b2-4456-adb0-0b2646639ccf,2023-01-28T00:00:00.000Z,2023-01-30T00:00:00.000Z,2023-01-30T00:00:00.000Z,True,6f9f06c8-2a9e-4b02-86f2-58b00f227e5a,172.5,0.0,1.0,GBP,False
387,383ef30d-cc8c-43a2-9d6d-3658cf8aee95,2023-01-29T00:00:00.000Z,2023-01-30T00:00:00.000Z,2023-01-31T00:00:00.000Z,True,8a6e1df3-67b0-4fc8-ae55-01cc3fc9fa09,1725.0,0.0,1.0,GBP,False
388,ac43b0e8-fd9b-4308-8683-da8272ea8282,2023-02-01T00:00:00.000Z,2023-02-28T00:00:00.000Z,2023-02-28T00:00:00.000Z,True,1430511a-f15f-435e-901a-1801064b76c2,15.0,0.0,1.0,GBP,False
389,4dc98e52-7c3c-4ded-aa4a-d98143baaa22,2023-02-01T00:00:00.000Z,2023-03-30T00:00:00.000Z,2023-03-30T00:00:00.000Z,True,0c9af104-858d-44bc-aeba-ba3b4e6b9d5d,11500.0,0.0,1.0,GBP,False
390,606996ad-000d-456b-a2ac-43e6e27a4ad6,2023-02-01T00:00:00.000Z,2023-03-25T00:00:00.000Z,2023-03-25T00:00:00.000Z,True,1430511a-f15f-435e-901a-1801064b76c2,650.0,0.0,1.0,GBP,False
391,7a51c3de-8777-4be4-9245-a501e0b2e9a5,2023-02-01T00:00:00.000Z,2023-02-28T00:00:00.000Z,2023-02-28T00:00:00.000Z,True,7385a88a-9e63-4a8d-b931-616baa7ebb15,1725.0,0.0,1.0,GBP,False
392,31d35f2f-2211-449f-b203-7bb8ef345185,2023-02-05T00:00:00.000Z,2023-02-28T00:00:00.000Z,2023-02-28T00:00:00.000Z,True,89ea79cb-a445-4720-8368-b0887f4157bb,250.0,0.0,1.0,GBP,False
393,f3e648e2-2cba-4746-8a79-ecc7426c3973,2023-02-05T00:00:00.000Z,2023-03-04T00:00:00.000Z,2023-03-04T00:00:00.000Z,True,c7060a16-02ba-4029-ab85-4369caa9f18a,5750.0,0.0,1.0,GBP,False
394,c1c6efcf-53d1-4c9e-943e-830a8dd173a0,2023-02-08T00:00:00.000Z,2023-03-30T00:00:00.000Z,2023-03-30T00:00:00.000Z,True,1e6ba27d-e209-4b30-8894-8e1190c391e4,115.0,0.0,1.0,GBP,False
395,fb7899d3-d969-45ae-ac85-43673b9e193c,2023-02-24T00:00:00.000Z,2023-02-25T00:00:00.000Z,2023-02-25T00:00:00.000Z,True,44aaffac-d0ee-497f-85d3-1bab5daa8f2b,1500.0,0.0,1.0,GBP,False
396,32021fe4-541b-4383-9a4c-abb6ba8a8932,2023-02-25T00:00:00.000Z,2023-02-26T00:00:00.000Z,2023-02-26T00:00:00.000Z,True,273eb8ed-cc9a-4f69-bc0b-fe80c1c37cd4,2500.0,0.0,1.0,GBP,False
397,78bbd2b0-7f60-4a61-ae0e-d220fb27f901,2023-02-28T00:00:00.000Z,2023-02-28T00:00:00.000Z,2023-02-28T00:00:00.000Z,True,6f9f06c8-2a9e-4b02-86f2-58b00f227e5a,172.5,0.0,1.0,GBP,False
398,af1a6053-2061-4784-b61d-b2785f5da3c1,2023-02-28T00:00:00.000Z,2023-02-28T00:00:00.000Z,2023-02-28T00:00:00.000Z,True,8a6e1df3-67b0-4fc8-ae55-01cc3fc9fa09,1725.0,0.0,1.0,GBP,False
399,602e854a-079c-45bd-9b76-fe16342f667e,2023-03-01T00:00:00.000Z,2023-03-30T00:00:00.000Z,2023-03-30T00:00:00.000Z,True,7385a88a-9e63-4a8d-b931-616baa7ebb15,1725.0,0.0,1.0,GBP,False
400,8f44b7d4-ae83-4f09-8b9c-34b257dc2d5f,2023-03-01T00:00:00.000Z,2023-04-25T00:00:00.000Z,2023-04-25T00:00:00.000Z,True,1430511a-f15f-435e-901a-1801064b76c2,650.0,0.0,1.0,GBP,False
401,f64d6d6c-c40d-463e-93f7-de2d5d25fe64,2023-03-01T00:00:00.000Z,2023-03-30T00:00:00.000Z,2023-03-30T00:00:00.000Z,True,1430511a-f15f-435e-901a-1801064b76c2,15.0,0.0,1.0,GBP,False
402,a3f0dc0c-6b04-4232-9868-3bc10c5d8b5f,2023-03-01T00:00:00.000Z,2023-04-30T00:00:00.000Z,2023-04-30T00:00:00.000Z,True,0c9af104-858d-44bc-aeba-ba3b4e6b9d5d,11500.0,0.0,1.0,GBP,False
403,23241525-7dd5-4d6a-b308-596315f29ce9,2023-03-05T00:00:00.000Z,2023-03-30T00:00:00.000Z,2023-03-30T00:00:00.000Z,True,89ea79cb-a445-4720-8368-b0887f4157bb,250.0,0.0,1.0,GBP,False
404,fe13b4c2-fc32-45ff-a615-6e7871aec45a,2023-03-05T00:00:00.000Z,2023-04-04T00:00:00.000Z,2023-04-04T00:00:00.000Z,True,c7060a16-02ba-4029-ab85-4369caa9f18a,5750.0,0.0,1.0,GBP,False
405,b32eb18a-bc92-40e7-b8be-e729eb82e566,2023-03-08T00:00:00.000Z,2023-04-30T00:00:00.000Z,2023-04-30T00:00:00.000Z,True,1e6ba27d-e209-4b30-8894-8e1190c391e4,115.0,0.0,1.0,GBP,False
406,06fc396b-a14c-48c2-bc67-6f60aa7c23a3,2023-03-24T00:00:00.000Z,2023-03-25T00:00:00.000Z,2023-03-25T00:00:00.000Z,True,44aaffac-d0ee-497f-85d3-1bab5daa8f2b,1500.0,0.0,1.0,GBP,False
407,bb6b8ef4-7209-4381-bd78-8d3b557359e9,2023-03-25T00:00:00.000Z,2023-03-26T00:00:00.000Z,2023-05-26T00:00:00.000Z,True,273eb8ed-cc9a-4f69-bc0b-fe80c1c37cd4,2500.0,0.0,1.0,GBP,False
408,f8bb7e6f-c097-45d2-ae8a-5ad2620b1957,2023-03-28T00:00:00.000Z,2023-03-30T00:00:00.000Z,2023-03-30T00:00:00.000Z,True,6f9f06c8-2a9e-4b02-86f2-58b00f227e5a,172.5,0.0,1.0,GBP,False
409,164c1608-23a6-4468-b3b5-4611e6c19814,2023-03-29T00:00:00.000Z,2023-03-30T00:00:00.000Z,2023-03-30T00:00:00.000Z,True,8a6e1df3-67b0-4fc8-ae55-01cc3fc9fa09,1725.0,0.0,1.0,GBP,False
410,bd4b5441-06a9-448f-b5f2-ed96cef331a6,2023-04-01T00:00:00.000Z,2023-05-30T00:00:00.000Z,2023-05-30T00:00:00.000Z,True,0c9af104-858d-44bc-aeba-ba3b4e6b9d5d,11500.0,0.0,1.0,GBP,False
411,85f7a9c3-a2b4-4a9c-a3f4-e7ab8ec797cf,2023-04-01T00:00:00.000Z,2023-05-25T00:00:00.000Z,2023-05-25T00:00:00.000Z,True,1430511a-f15f-435e-901a-1801064b76c2,650.0,0.0,1.0,GBP,False
412,79a1a8ce-26fa-4a3b-b44a-2f4ba190897f,2023-04-01T00:00:00.000Z,2023-04-30T00:00:00.000Z,2023-04-30T00:00:00.000Z,True,1430511a-f15f-435e-901a-1801064b76c2,15.0,0.0,1.0,GBP,False
413,81c7e7b0-e832-40ae-a90f-ca231f0e84f9,2023-04-01T00:00:00.000Z,2023-04-30T00:00:00.000Z,2023-04-30T00:00:00.000Z,True,7385a88a-9e63-4a8d-b931-616baa7ebb15,1725.0,0.0,1.0,GBP,False
414,4d87ce5a-66ff-4879-96a6-2182fdaba613,2023-04-05T00:00:00.000Z,2023-04-30T00:00:00.000Z,2023-04-30T00:00:00.000Z,True,89ea79cb-a445-4720-8368-b0887f4157bb,250.0,0.0,1.0,GBP,False
415,eb30f37e-8074-4d18-99a0-d732dbe8cadc,2023-04-05T00:00:00.000Z,2023-05-04T00:00:00.000Z,2023-05-04T00:00:00.000Z,True,c7060a16-02ba-4029-ab85-4369caa9f18a,5750.0,0.0,1.0,GBP,False
416,7a692f40-4864-4df2-9210-4db3c379434b,2023-04-08T00:00:00.000Z,2023-05-30T00:00:00.000Z,2023-05-30T00:00:00.000Z,True,1e6ba27d-e209-4b30-8894-8e1190c391e4,115.0,0.0,1.0,GBP,False
417,6274b684-f284-4405-9511-03942742fe7e,2023-04-24T00:00:00.000Z,2023-04-25T00:00:00.000Z,2023-04-25T00:00:00.000Z,True,44aaffac-d0ee-497f-85d3-1bab5daa8f2b,1500.0,0.0,1.0,GBP,False
418,3e12a972-f914-46e2-aea8-4ed288391564,2023-04-25T00:00:00.000Z,2023-04-26T00:00:00.000Z,2023-04-26T00:00:00.000Z,True,273eb8ed-cc9a-4f69-bc0b-fe80c1c37cd4,2500.0,0.0,1.0,GBP,False
419,cb05a64a-c222-4101-9ea5-c30acb43bbea,2023-04-28T00:00:00.000Z,2023-04-30T00:00:00.000Z,2023-04-30T00:00:00.000Z,True,6f9f06c8-2a9e-4b02-86f2-58b00f227e5a,172.5,0.0,1.0,GBP,False
420,3f34517f-dc6f-416c-aadf-1b285bd037e7,2023-04-29T00:00:00.000Z,2023-04-30T00:00:00.000Z,2023-04-30T00:00:00.000Z,True,8a6e1df3-67b0-4fc8-ae55-01cc3fc9fa09,1725.0,0.0,1.0,GBP,False
421,026d2867-54fc-453d-aa3c-338a703c2c1c,2023-05-01T00:00:00.000Z,2023-05-30T00:00:00.000Z,2023-05-30T00:00:00.000Z,True,7385a88a-9e63-4a8d-b931-616baa7ebb15,1725.0,0.0,1.0,GBP,False
422,8178a0c7-3042-4e96-b8d5-5bde7f63c206,2023-05-01T00:00:00.000Z,2023-06-30T00:00:00.000Z,2023-06-30T00:00:00.000Z,True,0c9af104-858d-44bc-aeba-ba3b4e6b9d5d,11500.0,0.0,1.0,GBP,False
423,399eae1e-e5a6-4b29-97a5-002bbec8cf96,2023-05-01T00:00:00.000Z,2023-05-30T00:00:00.000Z,2023-05-30T00:00:00.000Z,True,1430511a-f15f-435e-901a-1801064b76c2,15.0,0.0,1.0,GBP,False
424,6f514d86-361e-4b5a-a40c-66648175a079,2023-05-01T00:00:00.000Z,2023-06-25T00:00:00.000Z,2023-06-25T00:00:00.000Z,True,1430511a-f15f-435e-901a-1801064b76c2,650.0,0.0,1.0,GBP,False
425,67d8db06-7429-4d43-bfdd-4f05821dc74c,2023-05-05T00:00:00.000Z,2023-05-30T00:00:00.000Z,2023-05-30T00:00:00.000Z,True,89ea79cb-a445-4720-8368-b0887f4157bb,250.0,0.0,1.0,GBP,False
426,3af0e84c-a2dc-4852-8c6f-954b727a0b3b,2023-05-05T00:00:00.000Z,2023-06-04T00:00:00.000Z,2023-06-04T00:00:00.000Z,True,c7060a16-02ba-4029-ab85-4369caa9f18a,5750.0,0.0,1.0,GBP,False
427,813616a6-5336-494a-a299-e2f7badf7fc6,2023-05-08T00:00:00.000Z,2023-06-30T00:00:00.000Z,2023-06-30T00:00:00.000Z,True,1e6ba27d-e209-4b30-8894-8e1190c391e4,115.0,0.0,1.0,GBP,False
428,e5ec9ca0-8cea-4e16-a3ce-aa1316fee9c9,2023-05-24T00:00:00.000Z,2023-05-25T00:00:00.000Z,2023-05-25T00:00:00.000Z,True,44aaffac-d0ee-497f-85d3-1bab5daa8f2b,1500.0,0.0,1.0,GBP,False
429,389c7af6-401c-4ea4-88ee-b1af8e95f1e5,2023-05-25T00:00:00.000Z,2023-05-26T00:00:00.000Z,2023-05-26T00:00:00.000Z,True,273eb8ed-cc9a-4f69-bc0b-fe80c1c37cd4,2500.0,0.0,1.0,GBP,False
430,8ef0ec5e-7e3b-4080-910c-932dd450d440,2023-05-28T00:00:00.000Z,2023-05-30T00:00:00.000Z,2023-05-30T00:00:00.000Z,True,6f9f06c8-2a9e-4b02-86f2-58b00f227e5a,172.5,0.0,1.0,GBP,False
431,b234717c-63af-4bed-95f8-381580353240,2023-05-29T00:00:00.000Z,2023-05-30T00:00:00.000Z,2023-05-30T00:00:00.000Z,True,8a6e1df3-67b0-4fc8-ae55-01cc3fc9fa09,1725.0,0.0,1.0,GBP,False
432,a07e9457-7234-4c67-95f6-db6213d691b0,2023-06-01T00:00:00.000Z,2023-06-30T00:00:00.000Z,2023-06-30T00:00:00.000Z,True,7385a88a-9e63-4a8d-b931-616baa7ebb15,1725.0,0.0,1.0,GBP,False
433,b6991bef-2184-4125-bebc-e9011b3b24dd,2023-06-01T00:00:00.000Z,2023-06-05T00:00:00.000Z,2023-06-01T00:00:00.000Z,True,6f9f06c8-2a9e-4b02-86f2-58b00f227e5a,1480.0,0.0,1.0,GBP,False
434,6ef440db-ae59-4f15-a2a0-341e7ce42bbf,2023-06-01T00:00:00.000Z,2023-07-25T00:00:00.000Z,2023-07-25T00:00:00.000Z,True,1430511a-f15f-435e-901a-1801064b76c2,650.0,0.0,1.0,GBP,False
435,ae23d80a-1fdb-4956-95cb-bf75f4c98523,2023-06-01T00:00:00.000Z,2023-07-30T00:00:00.000Z,2023-07-30T00:00:00.000Z,True,0c9af104-858d-44bc-aeba-ba3b4e6b9d5d,11500.0,0.0,1.0,GBP,False
436,f1daae51-f59b-4aec-8400-6e48161ebc4d,2023-06-01T00:00:00.000Z,2023-06-30T00:00:00.000Z,2023-07-01T00:00:00.000Z,True,0df15899-fae7-43f6-84ca-c23c1d71aaec,1500.0,0.0,1.0,GBP,False
437,0a860a0a-29de-4a21-8bb7-dcde334a0e65,2023-06-01T00:00:00.000Z,2023-06-30T00:00:00.000Z,2023-06-28T00:00:00.000Z,True,1430511a-f15f-435e-901a-1801064b76c2,1000.0,0.0,1.0,GBP,False
438,6a31901c-7d6f-4c53-a645-ade6ed71163d,2023-06-01T00:00:00.000Z,2023-06-30T00:00:00.000Z,2023-06-30T00:00:00.000Z,True,1430511a-f15f-435e-901a-1801064b76c2,15.0,0.0,1.0,GBP,False
439,c034aa4d-6f26-4e3a-a888-634a281b02ce,2023-06-05T00:00:00.000Z,2023-06-30T00:00:00.000Z,2023-06-30T00:00:00.000Z,True,89ea79cb-a445-4720-8368-b0887f4157bb,250.0,0.0,1.0,GBP,False
440,61a378fa-f218-454c-836b-6008a4f35584,2023-06-05T00:00:00.000Z,2023-07-04T00:00:00.000Z,2023-07-04T00:00:00.000Z,True,c7060a16-02ba-4029-ab85-4369caa9f18a,5750.0,0.0,1.0,GBP,False
441,622bbc0d-3921-4d79-a1e7-ec4441d6ba86,2023-06-08T00:00:00.000Z,2023-07-30T00:00:00.000Z,2023-07-30T00:00:00.000Z,True,1e6ba27d-e209-4b30-8894-8e1190c391e4,115.0,0.0,1.0,GBP,False
442,33e2667c-db63-4ea5-9d0b-3e71eac98b11,2023-06-14T00:00:00.000Z,2023-06-14T00:00:00.000Z,2023-06-14T00:00:00.000Z,True,2ef70219-eed4-4d6b-a152-5885e7024b49,2000.0,0.0,1.0,GBP,False
443,95388c2f-57d6-4e23-9d44-32b5ed0fea09,2023-06-24T00:00:00.000Z,2023-06-25T00:00:00.000Z,,False,44aaffac-d0ee-497f-85d3-1bab5daa8f2b,1500.0,1500.0,1.0,GBP,False
444,ef07a069-7023-45d6-b1dd-2e0be407a5c4,2023-06-25T00:00:00.000Z,2023-06-26T00:00:00.000Z,2023-06-25T00:00:00.000Z,True,273eb8ed-cc9a-4f69-bc0b-fe80c1c37cd4,2500.0,0.0,1.0,GBP,False
445,b7b5abd9-f7d0-4b41-a4db-bc494136a8d6,2023-06-26T00:00:00.000Z,2023-06-26T00:00:00.000Z,2023-06-26T00:00:00.000Z,True,44aaffac-d0ee-497f-85d3-1bab5daa8f2b,1482.16,0.0,1.0,GBP,False
446,97c68368-b8f8-45d9-9471-5bcd14339620,2023-06-26T00:00:00.000Z,2023-06-26T00:00:00.000Z,2023-06-26T00:00:00.000Z,True,273eb8ed-cc9a-4f69-bc0b-fe80c1c37cd4,2500.0,0.0,1.0,GBP,False
447,7d1c245b-aa17-441e-a455-f8c72113a534,2023-06-28T00:00:00.000Z,2023-06-30T00:00:00.000Z,2023-06-30T00:00:00.000Z,True,6f9f06c8-2a9e-4b02-86f2-58b00f227e5a,172.5,0.0,1.0,GBP,False
448,f94aa078-4df6-4df6-bb50-41a2965d9c4e,2023-06-29T00:00:00.000Z,2023-06-30T00:00:00.000Z,2023-06-30T00:00:00.000Z,True,8a6e1df3-67b0-4fc8-ae55-01cc3fc9fa09,1725.0,0.0,1.0,GBP,False
449,36ae1d33-8523-43c0-b948-c2850d3ecb3b,2023-06-30T00:00:00.000Z,2023-06-30T00:00:00.000Z,2023-06-30T00:00:00.000Z,True,273eb8ed-cc9a-4f69-bc0b-fe80c1c37cd4,357.0,0.0,1.0,GBP,False
450,527dbac7-b8ee-4e8e-9b0d-f109fa41bd1d,2023-07-01T00:00:00.000Z,2023-07-30T00:00:00.000Z,2023-07-30T00:00:00.000Z,True,1430511a-f15f-435e-901a-1801064b76c2,15.0,0.0,1.0,GBP,False
451,f144d6e3-406f-4a24-b9eb-4eb5e3bc49a6,2023-07-01T00:00:00.000Z,2023-08-25T00:00:00.000Z,2023-08-01T00:00:00.000Z,True,1430511a-f15f-435e-901a-1801064b76c2,650.0,0.0,1.0,GBP,False
452,777ebd47-d9f8-4865-a104-594a13089541,2023-07-01T00:00:00.000Z,2023-07-30T00:00:00.000Z,2023-07-30T00:00:00.000Z,True,7385a88a-9e63-4a8d-b931-616baa7ebb15,1725.0,0.0,1.0,GBP,False
453,1cbd5536-3ed4-41d7-9ace-0e07bdd27f20,2023-07-01T00:00:00.000Z,2023-08-30T00:00:00.000Z,2023-08-01T00:00:00.000Z,True,0c9af104-858d-44bc-aeba-ba3b4e6b9d5d,11500.0,0.0,1.0,GBP,False
454,88519cb6-645a-4847-894d-b323d3f42349,2023-07-05T00:00:00.000Z,2023-07-30T00:00:00.000Z,2023-07-30T00:00:00.000Z,True,89ea79cb-a445-4720-8368-b0887f4157bb,250.0,0.0,1.0,GBP,False
455,ae25f521-e10a-4811-ae0b-bc9c6e93e897,2023-07-05T00:00:00.000Z,2023-08-04T00:00:00.000Z,2023-08-01T00:00:00.000Z,True,c7060a16-02ba-4029-ab85-4369caa9f18a,5750.0,0.0,1.0,GBP,False
456,1ab9a1d5-eece-4c47-b912-da170dcb7201,2023-07-08T00:00:00.000Z,2023-08-30T00:00:00.000Z,2023-08-01T00:00:00.000Z,True,1e6ba27d-e209-4b30-8894-8e1190c391e4,115.0,0.0,1.0,GBP,False
457,985fcf13-c348-4b54-92b3-91390ffe9db3,2023-07-24T00:00:00.000Z,2023-07-25T00:00:00.000Z,2023-07-25T00:00:00.000Z,True,44aaffac-d0ee-497f-85d3-1bab5daa8f2b,1500.0,0.0,1.0,GBP,False
458,8671345f-76a3-4e5f-876f-6a2ec5e04da7,2023-07-25T00:00:00.000Z,2023-07-26T00:00:00.000Z,2023-07-26T00:00:00.000Z,True,273eb8ed-cc9a-4f69-bc0b-fe80c1c37cd4,2500.0,0.0,1.0,GBP,False
459,72688e06-a628-4d7d-82dc-9a144967b6bb,2023-07-28T00:00:00.000Z,2023-07-30T00:00:00.000Z,2023-07-30T00:00:00.000Z,True,6f9f06c8-2a9e-4b02-86f2-58b00f227e5a,172.5,0.0,1.0,GBP,False
460,f2330428-b55e-4c62-9583-7a37fdee30da,2023-07-29T00:00:00.000Z,2023-07-30T00:00:00.000Z,2023-07-30T00:00:00.000Z,True,8a6e1df3-67b0-4fc8-ae55-01cc3fc9fa09,1725.0,0.0,1.0,GBP,False
461,f761c85d-546c-46e8-b96c-8f0ab75135ff,2023-08-01T00:00:00.000Z,2023-08-30T00:00:00.000Z,,False,1430511a-f15f-435e-901a-1801064b76c2,15.0,15.0,1.0,GBP,False
462,a5971ca7-cf64-434c-83a7-8b30a22fa602,2023-08-01T00:00:00.000Z,2023-09-30T00:00:00.000Z,,False,0c9af104-858d-44bc-aeba-ba3b4e6b9d5d,11500.0,11500.0,1.0,GBP,False
463,65b7f610-024d-4b09-ae83-498e5acaa1d3,2023-08-01T00:00:00.000Z,2023-09-25T00:00:00.000Z,,False,1430511a-f15f-435e-901a-1801064b76c2,650.0,650.0,1.0,GBP,False
464,eb8eb11f-ad06-4da6-bbb5-958e0a58f2a9,2023-08-01T00:00:00.000Z,2023-08-30T00:00:00.000Z,,False,7385a88a-9e63-4a8d-b931-616baa7ebb15,1725.0,1725.0,1.0,GBP,False
465,45e3377b-413f-4e40-8291-ba5c22a15e5a,2023-08-05T00:00:00.000Z,2023-09-04T00:00:00.000Z,,False,c7060a16-02ba-4029-ab85-4369caa9f18a,5750.0,5750.0,1.0,GBP,False
466,4d7ec9e4-b378-48b6-89f5-6418bfa200b1,2023-08-05T00:00:00.000Z,2023-08-30T00:00:00.000Z,,False,89ea79cb-a445-4720-8368-b0887f4157bb,250.0,250.0,1.0,GBP,False
467,2922b327-4ff7-4cb6-8fb8-086b220fcc46,2023-08-08T00:00:00.000Z,2023-09-30T00:00:00.000Z,,False,1e6ba27d-e209-4b30-8894-8e1190c391e4,115.0,115.0,1.0,GBP,False
468,071e83a8-c3e9-4fc0-b07c-2d6d8bc70317,2023-08-24T00:00:00.000Z,2023-08-25T00:00:00.000Z,,False,44aaffac-d0ee-497f-85d3-1bab5daa8f2b,1500.0,1500.0,1.0,GBP,False
469,2fef78a7-39d8-439e-aacf-430cd98c1c63,2023-08-25T00:00:00.000Z,2023-08-26T00:00:00.000Z,,False,273eb8ed-cc9a-4f69-bc0b-fe80c1c37cd4,2500.0,2500.0,1.0,GBP,False
