,id,date,contact_id,total,exchange_rate,is_income
0,24f4cfe3-c0af-4718-8426-5fbecd37d8ce,2021-01-06T00:00:00.000Z,8e81fbc4-4f33-4ae9-bf5e-a2415372e77b,174.8,1.0,True
1,d197e443-84ff-44ef-89d3-50fdf40c10c1,2021-02-06T00:00:00.000Z,8e81fbc4-4f33-4ae9-bf5e-a2415372e77b,174.8,1.0,True
2,eaac2b16-1885-47a2-86d5-dd5391f5a879,2021-03-06T00:00:00.000Z,8e81fbc4-4f33-4ae9-bf5e-a2415372e77b,174.8,1.0,True
3,129d0813-b934-401e-a2d5-8a03f65c8143,2021-04-06T00:00:00.000Z,8e81fbc4-4f33-4ae9-bf5e-a2415372e77b,174.8,1.0,True
4,faf9d697-e9af-46d7-8ed9-d6924cedb643,2021-04-09T00:00:00.000Z,a9797cb2-4805-4528-bbcb-fdb94368bee6,269.39,1.921,True
5,dd0f6254-d169-4650-a96d-24655bf651fa,2021-04-30T00:00:00.000Z,d7d2b5fc-32e7-4011-94a4-2c8aa0ff9e4f,1725.0,1.0,True
6,69379599-e1b6-425a-9421-a89f4d5ced6c,2021-04-30T00:00:00.000Z,ffb145b0-8504-42da-b03d-4c4a573fd521,5750.0,1.0,True
7,e0bf986e-243e-434b-ad91-c20b12560511,2021-05-06T00:00:00.000Z,8e81fbc4-4f33-4ae9-bf5e-a2415372e77b,174.8,1.0,True
8,f7f28e5c-c17e-4507-8b95-bc99181a944a,2021-05-25T00:00:00.000Z,cf2b417f-352e-486f-a5e0-a32cbbfa0826,840.38,1.95,True
9,e1a5386c-5f7c-43da-9e48-25a7aee820b1,2021-05-30T00:00:00.000Z,d7d2b5fc-32e7-4011-94a4-2c8aa0ff9e4f,1725.0,1.0,True
10,71c24997-be1e-4af7-b6a1-5fd9ec828f7f,2021-06-06T00:00:00.000Z,8e81fbc4-4f33-4ae9-bf5e-a2415372e77b,174.8,1.0,True
11,b16960e8-b5a0-40a6-970a-9733d343c2d3,2021-06-28T00:00:00.000Z,cf2b417f-352e-486f-a5e0-a32cbbfa0826,836.1,1.96,True
12,3117e0cd-5d0d-4bfa-8a0a-886b7216907b,2021-06-30T00:00:00.000Z,d7d2b5fc-32e7-4011-94a4-2c8aa0ff9e4f,1725.0,1.0,True
13,12aa36b3-31ba-4714-9783-989690d25a03,2021-07-06T00:00:00.000Z,8e81fbc4-4f33-4ae9-bf5e-a2415372e77b,174.8,1.0,True
14,ea2cdd0a-dfb5-4530-9088-22998235487c,2021-07-25T00:00:00.000Z,cf2b417f-352e-486f-a5e0-a32cbbfa0826,831.85,1.97,True
15,6860c354-05a9-4e9c-a439-ac44cdd88a7b,2021-07-30T00:00:00.000Z,d7d2b5fc-32e7-4011-94a4-2c8aa0ff9e4f,1725.0,1.0,True
16,439fbc87-e148-42f9-9494-9d6508eb2dcd,2021-08-06T00:00:00.000Z,8e81fbc4-4f33-4ae9-bf5e-a2415372e77b,174.8,1.0,True
17,114797fa-dad5-4fac-8246-abbd188a38a0,2021-08-25T00:00:00.000Z,cf2b417f-352e-486f-a5e0-a32cbbfa0826,831.85,1.97,True
18,fa8d5105-16c9-416a-81ab-7ea641341402,2021-08-30T00:00:00.000Z,d7d2b5fc-32e7-4011-94a4-2c8aa0ff9e4f,1725.0,1.0,True
19,eaee5712-d67c-480c-8694-c8aadcc27598,2021-08-31T00:00:00.000Z,ffb145b0-8504-42da-b03d-4c4a573fd521,8625.0,1.0,True
20,6d55604b-d66e-47f0-be29-0c144da69406,2021-09-06T00:00:00.000Z,8e81fbc4-4f33-4ae9-bf5e-a2415372e77b,174.8,1.0,True
21,ab7c97fc-538a-4d43-816c-369244b7b4a1,2021-09-25T00:00:00.000Z,cf2b417f-352e-486f-a5e0-a32cbbfa0826,844.72,1.94,True
22,d2e80d8e-4f22-4d2e-a807-b2cddb6ff17b,2021-09-30T00:00:00.000Z,d7d2b5fc-32e7-4011-94a4-2c8aa0ff9e4f,1725.0,1.0,True
23,2a76a92b-ab4b-4e2b-88e4-c40c1e884479,2021-10-25T00:00:00.000Z,cf2b417f-352e-486f-a5e0-a32cbbfa0826,853.52,1.92,True
24,79ac2d96-f6d4-43ec-a08f-f46606f2dc20,2021-10-30T00:00:00.000Z,d7d2b5fc-32e7-4011-94a4-2c8aa0ff9e4f,1725.0,1.0,True
25,b558e555-5d64-4452-8670-6097f2124ded,2021-11-25T00:00:00.000Z,cf2b417f-352e-486f-a5e0-a32cbbfa0826,849.09,1.93,True
26,b55e6da4-8cf1-44a5-ab54-68003000d1e3,2021-11-30T00:00:00.000Z,8e81fbc4-4f33-4ae9-bf5e-a2415372e77b,174.8,1.0,True
27,bc02502c-a4cb-44a5-ad01-fb180ccd54e2,2021-11-30T00:00:00.000Z,ffb145b0-8504-42da-b03d-4c4a573fd521,28750.0,1.0,True
28,fc07eb69-8cf2-49ec-8601-d45fb43245ae,2021-11-30T00:00:00.000Z,8e81fbc4-4f33-4ae9-bf5e-a2415372e77b,174.8,1.0,True
29,b6caf894-21b8-4e2e-bb67-c702a4f675b1,2021-12-06T00:00:00.000Z,8e81fbc4-4f33-4ae9-bf5e-a2415372e77b,174.8,1.0,True
30,9bf7a379-fe71-4b4e-826c-1f0cb9a45e3c,2021-12-28T00:00:00.000Z,cf2b417f-352e-486f-a5e0-a32cbbfa0826,836.1,1.96,True
31,3ae2ee34-9f81-46ba-9ed7-977c8367d9ab,2021-12-30T00:00:00.000Z,d7d2b5fc-32e7-4011-94a4-2c8aa0ff9e4f,1725.0,1.0,True
32,7da7441d-b517-459c-9509-9998c6652504,2022-01-25T00:00:00.000Z,cf2b417f-352e-486f-a5e0-a32cbbfa0826,819.38,2.0,True
33,d0d63935-e289-4f38-a13c-4d847fa8a7b9,2022-01-30T00:00:00.000Z,d7d2b5fc-32e7-4011-94a4-2c8aa0ff9e4f,1725.0,1.0,True
34,e7489c3f-8458-43b4-98e7-b6c327bf4d82,2022-02-06T00:00:00.000Z,8e81fbc4-4f33-4ae9-bf5e-a2415372e77b,184.0,1.0,True
35,76609a96-7c3c-4ec2-a4f8-70f70c6caa2f,2022-02-15T00:00:00.000Z,ffb145b0-8504-42da-b03d-4c4a573fd521,10062.5,1.0,True
36,29bb214a-6b73-4324-8403-1eb753f2829d,2022-02-25T00:00:00.000Z,cf2b417f-352e-486f-a5e0-a32cbbfa0826,823.49,1.99,True
37,f4fea740-bcdc-4726-9a83-83548178e9d9,2022-02-28T00:00:00.000Z,d7d2b5fc-32e7-4011-94a4-2c8aa0ff9e4f,1725.0,1.0,True
38,d36e8c23-b132-4ac6-aa2b-b73f1881941c,2022-03-06T00:00:00.000Z,8e81fbc4-4f33-4ae9-bf5e-a2415372e77b,184.0,1.0,True
39,a990d114-1ac5-4f6c-b71e-143820654cc9,2022-03-30T00:00:00.000Z,d7d2b5fc-32e7-4011-94a4-2c8aa0ff9e4f,1725.0,1.0,True
40,a8f25807-2332-4d40-a4ed-91393b9bb5af,2022-03-31T00:00:00.000Z,cf2b417f-352e-486f-a5e0-a32cbbfa0826,3097.42,0.52907,True
41,d08d75d6-8216-4908-aed6-a63a1f7d666e,2022-04-05T00:00:00.000Z,cf2b417f-352e-486f-a5e0-a32cbbfa0826,3225.89,0.508,True
42,51726e72-d445-417a-8d22-a9fea1951f3a,2022-04-05T00:00:00.000Z,94589e82-ecdf-4c7b-9896-f5e54b8d95af,862.5,1.0,True
43,8cec292e-b0b2-4d1c-ba9b-af362b9deea5,2022-04-05T00:00:00.000Z,8f65adab-5f53-402a-a2ee-31d458304705,2643.68,19.14,True
44,d5cda80f-d709-4553-9077-b220add9d6d9,2022-04-06T00:00:00.000Z,8e81fbc4-4f33-4ae9-bf5e-a2415372e77b,184.0,1.0,True
45,e36ed00e-82bf-4990-807d-dc57ab84d933,2022-04-12T00:00:00.000Z,e2111283-b230-4bb7-8108-518ef4dfd9fa,1035.0,1.0,True
46,5aaf4b39-cb48-4728-902e-a089d8d864bb,2022-04-19T00:00:00.000Z,d9bcb374-807b-4b4c-a1da-742a152fe917,15285.0,1.0,True
47,8feb6830-fdeb-4d03-9fc3-0e407c03e068,2022-04-19T00:00:00.000Z,a9797cb2-4805-4528-bbcb-fdb94368bee6,7402.79,1.92495,True
48,096554e6-3424-4023-9934-c47b4084e19c,2022-04-20T00:00:00.000Z,d7d2b5fc-32e7-4011-94a4-2c8aa0ff9e4f,46000.0,1.0,True
49,fa095286-b273-4d65-821e-b537a05566f9,2022-04-23T00:00:00.000Z,ffb145b0-8504-42da-b03d-4c4a573fd521,484.5,1.0,True
50,e9262aac-ff3e-442a-abdf-99d99898dbb6,2022-04-25T00:00:00.000Z,cf2b417f-352e-486f-a5e0-a32cbbfa0826,853.52,1.92,True
51,ef7ca1a2-b950-4a2b-8900-d428a8c20a06,2022-04-25T00:00:00.000Z,cf2b417f-352e-486f-a5e0-a32cbbfa0826,8.67,189.0,True
52,4088e455-5811-4aa1-b22d-14cdbd5fad65,2022-04-26T00:00:00.000Z,d7d2b5fc-32e7-4011-94a4-2c8aa0ff9e4f,46000.0,1.0,True
53,4dc032ca-5760-40f5-b3b0-15a8993dacf9,2022-04-29T00:00:00.000Z,31b86361-378a-47ef-9d43-25218e06ced3,7762.5,1.0,True
54,b83f3fea-01df-409c-8728-85f274d1c6ce,2022-04-30T00:00:00.000Z,d7d2b5fc-32e7-4011-94a4-2c8aa0ff9e4f,1725.0,1.0,True
55,e30a8063-63ca-441b-a6d8-0f1362e1d604,2022-04-30T00:00:00.000Z,d7d2b5fc-32e7-4011-94a4-2c8aa0ff9e4f,11500.0,1.0,True
56,86c990b3-8488-46ba-9753-974a00f95a71,2022-04-30T00:00:00.000Z,d7d2b5fc-32e7-4011-94a4-2c8aa0ff9e4f,1725.0,1.0,True
57,6a0192f4-6f99-42a0-b73f-3a15ae5a5047,2022-04-30T00:00:00.000Z,a278f53a-57ab-4f50-8690-182a5c60d671,22230.0,1.0,True
58,50dc14df-910e-4987-8d11-0462e0997e66,2022-04-30T00:00:00.000Z,8f65adab-5f53-402a-a2ee-31d458304705,269.62,19.194,True
59,878c92ca-9239-4bf4-ba90-d66036b2be09,2022-05-06T00:00:00.000Z,8e81fbc4-4f33-4ae9-bf5e-a2415372e77b,184.0,1.0,True
60,ebf43fca-33f4-47e5-89f3-552be78e877f,2022-05-18T00:00:00.000Z,a9797cb2-4805-4528-bbcb-fdb94368bee6,28672.5,1.0,True
61,7f74c31f-1959-4344-a687-135addfc9611,2022-05-19T00:00:00.000Z,e2111283-b230-4bb7-8108-518ef4dfd9fa,23000.0,1.0,True
62,8fe963b0-7337-4c5e-8bc9-407accfe4549,2022-05-19T00:00:00.000Z,31b86361-378a-47ef-9d43-25218e06ced3,92000.0,1.0,True
63,13d0e637-1425-4795-a0f7-23448817439a,2022-05-24T00:00:00.000Z,a9797cb2-4805-4528-bbcb-fdb94368bee6,517.5,1.0,True
64,f05415ea-7c47-4bd9-b055-80d04142de13,2022-05-25T00:00:00.000Z,cf2b417f-352e-486f-a5e0-a32cbbfa0826,850.65,1.92647,True
65,72776ef5-38a8-477e-88ff-98a04926a216,2022-05-26T00:00:00.000Z,a278f53a-57ab-4f50-8690-182a5c60d671,517.5,1.0,True
66,c339948f-1d04-4ba2-94a0-bc0a7d167709,2022-05-27T00:00:00.000Z,d9bcb374-807b-4b4c-a1da-742a152fe917,23000.0,1.0,True
67,7b668434-e4e2-470e-9422-8b90519c542f,2022-05-30T00:00:00.000Z,d7d2b5fc-32e7-4011-94a4-2c8aa0ff9e4f,1725.0,1.0,True
68,8ea49864-f5b8-44f2-b976-d5f0cba3b024,2022-05-30T00:00:00.000Z,d7d2b5fc-32e7-4011-94a4-2c8aa0ff9e4f,1725.0,1.0,True
69,b7fa5f48-ad01-46fd-b976-7f29e9c49e1e,2022-05-31T00:00:00.000Z,ffb145b0-8504-42da-b03d-4c4a573fd521,12650.0,1.0,True
70,8624bd7f-2a94-4173-aa97-dde31a0f30c4,2022-06-06T00:00:00.000Z,8e81fbc4-4f33-4ae9-bf5e-a2415372e77b,184.0,1.0,True
71,09ddd24e-05b8-431b-b057-ef300f6d2089,2022-06-12T00:00:00.000Z,e2111283-b230-4bb7-8108-518ef4dfd9fa,5750.0,1.0,True
72,21d9b446-8584-49b5-a111-0a82beba71ad,2022-06-13T00:00:00.000Z,8f65adab-5f53-402a-a2ee-31d458304705,77.81,19.9525,True
73,36d9e904-415f-41f9-9bfe-74491a522896,2022-06-25T00:00:00.000Z,cf2b417f-352e-486f-a5e0-a32cbbfa0826,848.97,1.93029,True
74,b572ee9e-5801-48c4-b025-3de487f040af,2022-06-28T00:00:00.000Z,31b86361-378a-47ef-9d43-25218e06ced3,32875.0,1.0,True
75,1313fd0b-b696-4977-b955-d39ae6e1e6fa,2022-06-30T00:00:00.000Z,d7d2b5fc-32e7-4011-94a4-2c8aa0ff9e4f,1725.0,1.0,True
76,bddbb63c-3cd5-4fd7-811e-aca5d9e948e1,2022-06-30T00:00:00.000Z,354e3d00-a644-44e2-84b1-5f7ca24b3233,1500.0,1.0,True
77,c4c31cc4-b706-4037-b7d3-61b2dec89d7c,2022-07-06T00:00:00.000Z,8e81fbc4-4f33-4ae9-bf5e-a2415372e77b,184.0,1.0,True
78,3cb3343a-b707-4c8d-8af6-86474ad30dcb,2022-07-20T00:00:00.000Z,e2111283-b230-4bb7-8108-518ef4dfd9fa,2565.0,1.0,True
79,a9ddb397-8dcd-4689-821e-723184545a3f,2022-07-26T00:00:00.000Z,cf2b417f-352e-486f-a5e0-a32cbbfa0826,845.05,1.93924,True
80,ef8a1c25-e868-48a7-9091-a2ebd193d91b,2022-07-27T00:00:00.000Z,d7d2b5fc-32e7-4011-94a4-2c8aa0ff9e4f,67687.5,1.0,True
81,70102124-498a-4b45-b3f5-232d687983e8,2022-07-27T00:00:00.000Z,d7d2b5fc-32e7-4011-94a4-2c8aa0ff9e4f,22312.5,1.0,True
82,765e5172-1271-4504-9116-b510f4c4c86e,2022-08-06T00:00:00.000Z,8e81fbc4-4f33-4ae9-bf5e-a2415372e77b,184.0,1.0,True
83,46d564ca-b203-4bcd-9db6-768c476f3149,2022-08-31T00:00:00.000Z,ffb145b0-8504-42da-b03d-4c4a573fd521,8625.0,1.0,True
84,4b440a5a-bb70-4cf1-9031-ed90db4e76ad,2022-09-04T00:00:00.000Z,cf2b417f-352e-486f-a5e0-a32cbbfa0826,847.34,1.934,True
85,53c4359a-2c78-4aac-b730-c43769249eab,2022-09-06T00:00:00.000Z,8e81fbc4-4f33-4ae9-bf5e-a2415372e77b,184.0,1.0,True
86,54af4761-0458-4592-b3c1-2060ef4954fb,2022-09-15T00:00:00.000Z,d7d2b5fc-32e7-4011-94a4-2c8aa0ff9e4f,1725.0,1.0,True
87,94f58426-3ec2-4cd2-beb7-e78224827649,2022-09-15T00:00:00.000Z,d7d2b5fc-32e7-4011-94a4-2c8aa0ff9e4f,1725.0,1.0,True
88,764b1940-52fa-4486-9454-9f86c22ee6e8,2022-09-25T00:00:00.000Z,cf2b417f-352e-486f-a5e0-a32cbbfa0826,819.38,2.0,True
89,b7d85757-35be-4897-adff-dd78db4b38a6,2022-09-29T00:00:00.000Z,d9bcb374-807b-4b4c-a1da-742a152fe917,33843.75,1.0,True
90,7a74b39d-7471-444c-89ec-637a70732e15,2022-09-30T00:00:00.000Z,d7d2b5fc-32e7-4011-94a4-2c8aa0ff9e4f,1725.0,1.0,True
91,cbed0d9f-4230-456c-8ee7-a1f46b43dd7b,2022-09-30T00:00:00.000Z,8e81fbc4-4f33-4ae9-bf5e-a2415372e77b,184.0,1.0,True
92,745c3ed9-9449-4431-9d37-40b235b652c4,2022-09-30T00:00:00.000Z,d7d2b5fc-32e7-4011-94a4-2c8aa0ff9e4f,1725.0,1.0,True
93,86e801a9-09a4-42e6-a549-f1fdd7e8beef,2022-09-30T00:00:00.000Z,8f65adab-5f53-402a-a2ee-31d458304705,1258.75,20.0,True
94,edff9c1a-7713-49a3-b160-c6cf1c6bb4a1,2022-09-30T00:00:00.000Z,e2111283-b230-4bb7-8108-518ef4dfd9fa,4275.0,1.0,True
95,b6080568-8c86-44b4-abf1-d117be14f083,2022-09-30T00:00:00.000Z,94589e82-ecdf-4c7b-9896-f5e54b8d95af,1092.5,1.0,True
96,e9310ebf-192d-43ab-b219-713082d9526a,2022-09-30T00:00:00.000Z,e2111283-b230-4bb7-8108-518ef4dfd9fa,7837.5,1.0,True
97,2f1e5f06-b050-4c7f-939e-ed406cc0cd19,2022-10-31T00:00:00.000Z,31b86361-378a-47ef-9d43-25218e06ced3,23000.0,1.0,True
98,78a306ff-18ba-41a8-9f5d-88dbf6255c30,2022-11-01T00:00:00.000Z,cf2b417f-352e-486f-a5e0-a32cbbfa0826,819.38,2.0,True
99,023d5229-ce4a-49f6-ac5d-455ef6f98df7,2022-11-29T00:00:00.000Z,d7d2b5fc-32e7-4011-94a4-2c8aa0ff9e4f,13110.0,1.0,True
100,8918914d-7221-4c17-9a4a-2426458ebe72,2022-11-29T00:00:00.000Z,31b86361-378a-47ef-9d43-25218e06ced3,8740.0,1.0,True
101,155518fd-38c0-4e67-b303-eef6044eb769,2022-11-29T00:00:00.000Z,ffb145b0-8504-42da-b03d-4c4a573fd521,9000.0,1.0,True
102,df82ee05-880c-4b3a-be71-516fbe4f0abe,2022-11-29T00:00:00.000Z,d9bcb374-807b-4b4c-a1da-742a152fe917,2850.0,1.0,True
103,883df1b0-1c89-42b6-b37b-164b98493ae6,2022-11-30T00:00:00.000Z,e2111283-b230-4bb7-8108-518ef4dfd9fa,12925.0,1.0,True
104,ca0ae234-eab7-49b7-8953-d3cd0ef33604,2022-11-30T00:00:00.000Z,31b86361-378a-47ef-9d43-25218e06ced3,8740.0,1.0,True
105,68e9e783-5821-41fd-b62d-2fd7963bfdfd,2022-12-07T00:00:00.000Z,8e81fbc4-4f33-4ae9-bf5e-a2415372e77b,184.0,1.0,True
106,5bf36707-6f14-4ee9-a49c-e05eba08210c,2022-12-07T00:00:00.000Z,8e81fbc4-4f33-4ae9-bf5e-a2415372e77b,184.0,1.0,True
107,6fc6aaed-2e43-4f7c-a225-a87fcb1e414e,2022-12-27T00:00:00.000Z,d7d2b5fc-32e7-4011-94a4-2c8aa0ff9e4f,1725.0,1.0,True
108,ae393465-945f-46c0-8b1a-1e17ad9f8558,2022-12-29T00:00:00.000Z,e2111283-b230-4bb7-8108-518ef4dfd9fa,12925.0,1.0,True
109,2cdf1983-4ced-45f1-9e24-c55e742e297b,2023-01-08T00:00:00.000Z,a278f53a-57ab-4f50-8690-182a5c60d671,2047.0,1.0,True
110,ee50fd8e-4fe4-48d2-8091-995e83a9d933,2023-01-10T00:00:00.000Z,cf2b417f-352e-486f-a5e0-a32cbbfa0826,819.38,2.0,True
111,54bde4aa-81f6-414c-b82e-c628fc6f7bcd,2023-01-10T00:00:00.000Z,ffb145b0-8504-42da-b03d-4c4a573fd521,100.0,1.0,True
112,7aedc7d8-73aa-4f4d-a83e-a67b4e688007,2023-01-16T00:00:00.000Z,cf2b417f-352e-486f-a5e0-a32cbbfa0826,819.38,2.0,True
113,d9d3f0d9-77b4-404c-83eb-af8313e13211,2023-01-30T00:00:00.000Z,d7d2b5fc-32e7-4011-94a4-2c8aa0ff9e4f,1725.0,1.0,True
114,31b6bd8a-7448-4b25-9f6d-5422d8d1b685,2023-01-31T00:00:00.000Z,a9797cb2-4805-4528-bbcb-fdb94368bee6,2250.0,2.0,True
115,fe28c538-0548-4144-85d8-0775f38f6f28,2023-01-31T00:00:00.000Z,a278f53a-57ab-4f50-8690-182a5c60d671,20776.5,1.0,True
116,d0691bda-42f0-4700-9266-57d1ed3e5c64,2023-02-01T00:00:00.000Z,8e81fbc4-4f33-4ae9-bf5e-a2415372e77b,184.0,1.0,True
117,c5f17d35-f322-4bfc-ad27-e6ff6d447991,2023-02-02T00:00:00.000Z,d7d2b5fc-32e7-4011-94a4-2c8aa0ff9e4f,1725.0,1.0,True
118,5f441e15-0e96-402a-8fed-e423db96a5c1,2023-02-07T00:00:00.000Z,cf2b417f-352e-486f-a5e0-a32cbbfa0826,58.53,28.0,True
119,0e6e6f61-2ec6-42c8-93e2-8844fc8c67ad,2023-02-14T00:00:00.000Z,31b86361-378a-47ef-9d43-25218e06ced3,8050.0,1.0,True
120,abca5b02-0f76-46a6-80fc-929812af02fe,2023-02-22T00:00:00.000Z,a9797cb2-4805-4528-bbcb-fdb94368bee6,2587.5,1.0,True
121,c781e07d-ef3a-4bc7-b3a7-aaac51a39e14,2023-02-28T00:00:00.000Z,31b86361-378a-47ef-9d43-25218e06ced3,8740.0,1.0,True
122,fe365874-6ff9-426f-86cc-466c50e6469e,2023-02-28T00:00:00.000Z,d7d2b5fc-32e7-4011-94a4-2c8aa0ff9e4f,1552.5,1.0,True
123,29b83de5-2a8c-4a02-b874-973f009ae095,2023-03-25T00:00:00.000Z,cf2b417f-352e-486f-a5e0-a32cbbfa0826,795.9,2.059,True
124,d1da57b5-6842-4da4-b9dc-cbb5e3c88b3d,2023-04-11T00:00:00.000Z,48021727-d93c-480f-aa9c-ec711afa4868,194.25,1.0,True
125,41a6b06e-30fb-487d-a449-3678ecc9f29d,2023-04-25T00:00:00.000Z,cf2b417f-352e-486f-a5e0-a32cbbfa0826,795.83,2.05916,True
126,15d3171f-570c-4d63-be95-1d57fc675e15,2023-04-30T00:00:00.000Z,a9797cb2-4805-4528-bbcb-fdb94368bee6,97.13,2.05916,True
127,22714bf3-6e8d-4304-8fe5-199e06db0286,2023-04-30T00:00:00.000Z,d7d2b5fc-32e7-4011-94a4-2c8aa0ff9e4f,1725.0,1.0,True
128,4c108622-4a7c-4679-9ee7-7ca4ebbcd8df,2023-05-01T00:00:00.000Z,bc9725f8-7e23-44cc-8112-a8f757208369,230.0,1.0,True
129,5c9c15d9-8dc2-499f-a827-c9fe6473273f,2023-05-08T00:00:00.000Z,cf2b417f-352e-486f-a5e0-a32cbbfa0826,4000.0,1.0,True
130,ac0abfb7-9efb-494a-b66e-87603d495049,2023-05-12T00:00:00.000Z,9b72dced-a3eb-4446-b09a-afadfe657b66,2540.0,1.0,True
131,5444bfe2-1e37-43a4-a957-1bcde18477bc,2023-05-12T00:00:00.000Z,9b72dced-a3eb-4446-b09a-afadfe657b66,3000.0,1.0,True
132,383882b7-566d-4cc7-ae4c-bb2059ba4f98,2023-05-15T00:00:00.000Z,a9797cb2-4805-4528-bbcb-fdb94368bee6,184.54,2.05916,True
133,6b768cc0-48cb-41eb-b1ae-36f08dfe56dd,2023-05-15T00:00:00.000Z,8e81fbc4-4f33-4ae9-bf5e-a2415372e77b,1250.0,1.0,True
134,3d88de0b-c114-4af5-a485-5ee764180471,2023-05-15T00:00:00.000Z,bc9725f8-7e23-44cc-8112-a8f757208369,655.5,1.0,True
135,3134de46-28a0-45b6-ab13-3729abc2b9ed,2023-05-15T00:00:00.000Z,8e81fbc4-4f33-4ae9-bf5e-a2415372e77b,1250.0,1.0,True
136,1f2d18fd-54c1-4f75-afec-97e47dd0da7c,2023-05-18T00:00:00.000Z,d7d2b5fc-32e7-4011-94a4-2c8aa0ff9e4f,6245.0,1.0,True
137,18bee6ba-e86e-45ad-ae41-c085a0c193a1,2023-05-22T00:00:00.000Z,ffb145b0-8504-42da-b03d-4c4a573fd521,100.0,1.0,True
138,28b0cee2-2dfe-4914-8674-6b1700ecb2d0,2023-05-25T00:00:00.000Z,cf2b417f-352e-486f-a5e0-a32cbbfa0826,795.83,2.05916,True
139,5f1a6ed7-532b-40da-8b75-85d4785977f8,2023-05-30T00:00:00.000Z,d7d2b5fc-32e7-4011-94a4-2c8aa0ff9e4f,1725.0,1.0,True
140,451615c8-5294-42d8-a62f-693790d58fee,2023-05-31T00:00:00.000Z,bc9725f8-7e23-44cc-8112-a8f757208369,230.0,1.0,True
141,6d59e13b-1fa2-402e-8bf3-bfedf9914cb9,2023-06-21T00:00:00.000Z,cf2b417f-352e-486f-a5e0-a32cbbfa0826,100.0,1.0,True
142,d350aff0-84be-4a63-9703-eaea338e611b,2023-06-25T00:00:00.000Z,cf2b417f-352e-486f-a5e0-a32cbbfa0826,795.83,2.05916,True
143,8a7eec18-ee64-4462-997a-277a94b3f05a,2023-06-28T00:00:00.000Z,8f65adab-5f53-402a-a2ee-31d458304705,95.95,23.45,True
144,db56efd4-b1df-4ca1-ad78-a4d613eaa732,2023-06-28T00:00:00.000Z,8f65adab-5f53-402a-a2ee-31d458304705,49.16,23.395,True
145,0dbc0a59-1a7e-405a-8ad3-c02296e81096,2023-06-29T00:00:00.000Z,a9797cb2-4805-4528-bbcb-fdb94368bee6,2440.81,2.0485,True
146,c1c21c02-8106-4d18-bc33-13b068a52ba6,2023-06-30T00:00:00.000Z,bc9725f8-7e23-44cc-8112-a8f757208369,690.0,1.0,True
147,d856b75a-449b-45a0-a70d-581c2d62bc92,2023-06-30T00:00:00.000Z,a278f53a-57ab-4f50-8690-182a5c60d671,2700.0,1.0,True
148,de44597c-4650-43cf-b0c8-34bcd99eea72,2023-06-30T00:00:00.000Z,d7d2b5fc-32e7-4011-94a4-2c8aa0ff9e4f,1725.0,1.0,True
149,f44edad3-8081-4684-9ac4-599f77d8572e,2023-07-27T00:00:00.000Z,d7d2b5fc-32e7-4011-94a4-2c8aa0ff9e4f,4508.15,1.0,True
150,c6685089-0e85-4ea4-95f0-356d793cd7df,2023-08-01T00:00:00.000Z,31b86361-378a-47ef-9d43-25218e06ced3,25411.43,975.25,True
151,20a483ce-accb-4620-9d62-74ee4c0c9e8e,2023-08-01T00:00:00.000Z,cf2b417f-352e-486f-a5e0-a32cbbfa0826,791.27,2.07104,True
152,71d8c240-0b05-48e7-accf-defe71e1a8d8,2023-08-01T00:00:00.000Z,31b86361-378a-47ef-9d43-25218e06ced3,25411.43,975.25,True
153,8fef463e-78ce-49ab-9c37-a237009e8568,2023-08-01T00:00:00.000Z,d7d2b5fc-32e7-4011-94a4-2c8aa0ff9e4f,1725.0,1.0,True
154,5a69ac87-a2c7-4fc8-a4af-8986db56c1c1,2023-08-01T00:00:00.000Z,ffb145b0-8504-42da-b03d-4c4a573fd521,2250.0,1.0,True
155,591f8d2b-00f4-4948-814d-509ad8bc461e,2023-08-01T00:00:00.000Z,31b86361-378a-47ef-9d43-25218e06ced3,25411.43,975.25,True
156,0b317056-9ea2-4e94-9c19-3bd42e2f0e8f,2021-03-25T00:00:00.000Z,44aaffac-d0ee-497f-85d3-1bab5daa8f2b,800.0,1.0,False
157,6207d4b4-3314-49c3-8fc8-aa83de5d7185,2021-04-15T00:00:00.000Z,a3b7040d-4a3b-4106-82e4-f382979ff77b,115.0,1.0,False
158,66ed6cfb-3189-4dae-bee0-b4a1de4f9aec,2021-04-25T00:00:00.000Z,44aaffac-d0ee-497f-85d3-1bab5daa8f2b,800.0,1.0,False
159,bce0c537-9912-4c52-b866-6fb180d1099b,2021-04-28T00:00:00.000Z,0df15899-fae7-43f6-84ca-c23c1d71aaec,3450.0,1.0,False
160,94b6728a-8e22-4806-8c99-03075c3531e9,2021-04-30T00:00:00.000Z,a3b7040d-4a3b-4106-82e4-f382979ff77b,115.0,1.0,False
161,4e437b27-6d6a-438f-b46b-4f3c52d3b03e,2021-04-30T00:00:00.000Z,1e6ba27d-e209-4b30-8894-8e1190c391e4,115.0,1.0,False
162,5341306b-974a-4817-a70d-3615731dba53,2021-05-24T00:00:00.000Z,44aaffac-d0ee-497f-85d3-1bab5daa8f2b,800.0,1.0,False
163,75c3f945-bd16-46a4-8f28-44f927f3555e,2021-05-30T00:00:00.000Z,1e6ba27d-e209-4b30-8894-8e1190c391e4,115.0,1.0,False
164,2c5718e8-0f75-4b1d-aacc-ea36e20f3097,2021-05-31T00:00:00.000Z,a3b7040d-4a3b-4106-82e4-f382979ff77b,1150.0,1.0,False
165,e0d78bd5-30e3-4b48-9f4c-d0fbc7427260,2021-05-31T00:00:00.000Z,a3b7040d-4a3b-4106-82e4-f382979ff77b,172.5,1.0,False
166,6a6ca8b0-427a-4efc-adfe-858bf32f1b3d,2021-06-24T00:00:00.000Z,44aaffac-d0ee-497f-85d3-1bab5daa8f2b,800.0,1.0,False
167,ba45766f-768c-4469-aef2-1ded5776d5c2,2021-06-30T00:00:00.000Z,89ea79cb-a445-4720-8368-b0887f4157bb,143.75,20.0,False
168,7a555925-8b18-44fa-bd46-92ac7b2ab867,2021-06-30T00:00:00.000Z,1e6ba27d-e209-4b30-8894-8e1190c391e4,115.0,1.0,False
169,1ca1fb8e-bd85-49ff-9d27-431e2ee81a75,2021-07-25T00:00:00.000Z,44aaffac-d0ee-497f-85d3-1bab5daa8f2b,800.0,1.0,False
170,5ac2e677-4667-476e-8b8c-87bf62943db8,2021-07-30T00:00:00.000Z,89ea79cb-a445-4720-8368-b0887f4157bb,143.75,20.0,False
171,1641301b-06dd-481c-92a8-eecd3f464ba1,2021-07-30T00:00:00.000Z,44aaffac-d0ee-497f-85d3-1bab5daa8f2b,60.0,1.0,False
172,0b33a15f-4b2e-41ef-aabd-35a005920f26,2021-07-30T00:00:00.000Z,1e6ba27d-e209-4b30-8894-8e1190c391e4,115.0,1.0,False
173,4fc48ec9-a114-4b80-a2b1-916af41311d7,2021-08-25T00:00:00.000Z,44aaffac-d0ee-497f-85d3-1bab5daa8f2b,800.0,1.0,False
174,b632df3b-6fe1-4ebc-b983-bee6fda76c1a,2021-08-30T00:00:00.000Z,89ea79cb-a445-4720-8368-b0887f4157bb,143.75,20.0,False
175,569d81c0-eaec-4df2-8628-754685c5de1f,2021-08-30T00:00:00.000Z,1430511a-f15f-435e-901a-1801064b76c2,15.0,1.0,False
176,d2abed72-567e-4277-be73-7cc0841eeba7,2021-08-30T00:00:00.000Z,1e6ba27d-e209-4b30-8894-8e1190c391e4,115.0,1.0,False
177,f7c08f29-2f4d-45bc-ad7f-f67112adc7f1,2021-08-31T00:00:00.000Z,1430511a-f15f-435e-901a-1801064b76c2,15.0,1.0,False
178,28682664-5c40-4d50-a802-2abee1d0ee58,2021-09-25T00:00:00.000Z,44aaffac-d0ee-497f-85d3-1bab5daa8f2b,800.0,1.0,False
179,784409da-eedd-4e36-bfb6-56b8f7421f66,2021-09-30T00:00:00.000Z,89ea79cb-a445-4720-8368-b0887f4157bb,147.44,19.5,False
180,e39ea47d-84c6-4925-9fb1-f035df12018a,2021-09-30T00:00:00.000Z,1e6ba27d-e209-4b30-8894-8e1190c391e4,115.0,1.0,False
181,226307ec-249f-41ab-be33-435d95c7cc2a,2021-10-25T00:00:00.000Z,44aaffac-d0ee-497f-85d3-1bab5daa8f2b,800.0,1.0,False
182,95841be0-346b-4883-b787-d64dbef16bff,2021-10-30T00:00:00.000Z,1e6ba27d-e209-4b30-8894-8e1190c391e4,115.0,1.0,False
183,10377a06-c890-49b0-a887-bfc05690b859,2021-10-30T00:00:00.000Z,1430511a-f15f-435e-901a-1801064b76c2,15.0,1.0,False
184,ce07a0a1-076f-47f9-8332-c528eada6cba,2021-11-25T00:00:00.000Z,44aaffac-d0ee-497f-85d3-1bab5daa8f2b,800.0,1.0,False
185,acc14540-87b9-4873-8d41-6e5c4b6979ce,2021-11-30T00:00:00.000Z,89ea79cb-a445-4720-8368-b0887f4157bb,143.75,20.0,False
186,2925f2a2-d831-404f-b22a-dd5eb8c1632b,2021-11-30T00:00:00.000Z,1e6ba27d-e209-4b30-8894-8e1190c391e4,115.0,1.0,False
187,80af7a52-e98f-4d3d-b40f-ee0770220f65,2021-11-30T00:00:00.000Z,1430511a-f15f-435e-901a-1801064b76c2,15.0,1.0,False
188,7a781c28-c581-46d2-aa53-ac3ba5dd95ad,2021-11-30T00:00:00.000Z,89ea79cb-a445-4720-8368-b0887f4157bb,250.0,1.0,False
189,d3182108-60fe-4395-b73c-adb625fe0aad,2021-12-25T00:00:00.000Z,44aaffac-d0ee-497f-85d3-1bab5daa8f2b,800.0,1.0,False
190,4a86b54b-3724-420c-ace5-6535e2df4ca6,2021-12-30T00:00:00.000Z,89ea79cb-a445-4720-8368-b0887f4157bb,250.0,1.0,False
191,2c1b1148-ee25-4679-b893-97d2681f5658,2021-12-30T00:00:00.000Z,1e6ba27d-e209-4b30-8894-8e1190c391e4,115.0,1.0,False
192,844f0b96-a40f-4b94-8f5d-6cad748a0766,2021-12-30T00:00:00.000Z,ed0c58ac-1aa4-41c0-a204-8dc5bc69ad8e,215.0,1.0,False
193,c6fbe295-5323-4f0b-b7dc-d3047ccbce90,2021-12-30T00:00:00.000Z,ed0c58ac-1aa4-41c0-a204-8dc5bc69ad8e,230.0,1.0,False
194,3af27038-646c-48c2-8805-e205daf7e03c,2021-12-31T00:00:00.000Z,ed0c58ac-1aa4-41c0-a204-8dc5bc69ad8e,230.0,1.0,False
195,31741a36-6ca8-46b3-94f2-0f98be534c2a,2021-12-31T00:00:00.000Z,1430511a-f15f-435e-901a-1801064b76c2,15.0,1.0,False
196,e5d67dda-6b8b-4ad3-b17e-6d023a7b6925,2021-12-31T00:00:00.000Z,44aaffac-d0ee-497f-85d3-1bab5daa8f2b,200.0,1.0,False
197,bde1d8ec-74aa-4866-a356-d75468233927,2022-01-11T00:00:00.000Z,6f9f06c8-2a9e-4b02-86f2-58b00f227e5a,1983.75,1.0,False
198,fcdd3018-bba8-47da-b2e8-51fc7c493687,2022-01-25T00:00:00.000Z,89ea79cb-a445-4720-8368-b0887f4157bb,115.0,1.0,False
199,e9d31079-d4b3-4ee7-a87d-82f0cc656bae,2022-01-25T00:00:00.000Z,28e4dba4-d4bd-4cd0-9a2d-7fab94536d4e,1725.0,1.0,False
200,9f8222a4-4971-4290-b8ce-130329d30172,2022-01-25T00:00:00.000Z,44aaffac-d0ee-497f-85d3-1bab5daa8f2b,800.0,1.0,False
201,ab359100-5bf6-4ef0-bba3-69172858ce53,2022-01-30T00:00:00.000Z,89ea79cb-a445-4720-8368-b0887f4157bb,250.0,1.0,False
202,af1f81f0-e088-42b5-ad04-8824674e91ac,2022-01-30T00:00:00.000Z,8a6e1df3-67b0-4fc8-ae55-01cc3fc9fa09,1725.0,1.0,False
203,918cb8cc-b75a-47e0-90cb-0c72fc63c353,2022-01-30T00:00:00.000Z,6f9f06c8-2a9e-4b02-86f2-58b00f227e5a,172.5,1.0,False
204,53ef2b27-7fb2-4428-ac92-1e8cd02b7689,2022-01-30T00:00:00.000Z,1e6ba27d-e209-4b30-8894-8e1190c391e4,115.0,1.0,False
205,a09d2e00-b3fe-440a-bfd7-c8a7d088ebbe,2022-01-31T00:00:00.000Z,6f9f06c8-2a9e-4b02-86f2-58b00f227e5a,172.5,1.0,False
206,a7bccddf-c423-469e-a615-8441e19c8676,2022-02-01T00:00:00.000Z,ed0c58ac-1aa4-41c0-a204-8dc5bc69ad8e,155.25,1.0,False
207,e8754c67-562e-4724-ab52-fd6ac4abeb4e,2022-02-25T00:00:00.000Z,44aaffac-d0ee-497f-85d3-1bab5daa8f2b,800.0,1.0,False
208,33b51b97-63d0-4931-90d2-b14380fb31f2,2022-02-25T00:00:00.000Z,1430511a-f15f-435e-901a-1801064b76c2,650.0,1.0,False
209,ba2a3dc5-5a77-49bb-b81e-35bf5a88d743,2022-02-28T00:00:00.000Z,89ea79cb-a445-4720-8368-b0887f4157bb,250.0,1.0,False
210,a14c87ec-7ee5-4fa2-a532-4c82d5f28513,2022-02-28T00:00:00.000Z,1430511a-f15f-435e-901a-1801064b76c2,15.0,1.0,False
211,6560dd15-8b72-44ec-b79c-5884a76a7833,2022-02-28T00:00:00.000Z,1430511a-f15f-435e-901a-1801064b76c2,15.0,1.0,False
212,1a9b5572-def2-40f3-bd79-c4c5f11e5fba,2022-02-28T00:00:00.000Z,8a6e1df3-67b0-4fc8-ae55-01cc3fc9fa09,1725.0,1.0,False
213,0972ea81-366e-4d7b-890c-7107ac037077,2022-03-09T00:00:00.000Z,1e6ba27d-e209-4b30-8894-8e1190c391e4,115.0,1.0,False
214,8f73b059-dc6f-499d-a9d9-2ed5059a2a1f,2022-03-25T00:00:00.000Z,44aaffac-d0ee-497f-85d3-1bab5daa8f2b,800.0,1.0,False
215,c70fba40-f371-4b0b-aaa4-0071b610c544,2022-03-26T00:00:00.000Z,273eb8ed-cc9a-4f69-bc0b-fe80c1c37cd4,2500.0,1.0,False
216,1c1a99de-baba-4bee-9a66-6f084696bd20,2022-03-29T00:00:00.000Z,7385a88a-9e63-4a8d-b931-616baa7ebb15,1983.75,1.0,False
217,f74dc5e5-1f33-497d-bf0c-14c4a78f8abc,2022-03-29T00:00:00.000Z,1430511a-f15f-435e-901a-1801064b76c2,15.0,1.0,False
218,c5a2bfad-9166-43a5-b53a-2042c08c3b9d,2022-03-30T00:00:00.000Z,89ea79cb-a445-4720-8368-b0887f4157bb,143.75,20.0,False
219,0dc1d3fc-f8e6-4713-a248-e8b2e7ef7fac,2022-03-30T00:00:00.000Z,89ea79cb-a445-4720-8368-b0887f4157bb,250.0,1.0,False
220,a765312d-45b5-4015-b573-9f70db9b5ddc,2022-03-30T00:00:00.000Z,1430511a-f15f-435e-901a-1801064b76c2,15.0,1.0,False
221,9add2074-5fa9-4d5d-9ef4-129fd1674385,2022-03-30T00:00:00.000Z,1e6ba27d-e209-4b30-8894-8e1190c391e4,115.0,1.0,False
222,2afea106-1351-458c-9ef8-5375c393bb1a,2022-03-30T00:00:00.000Z,1430511a-f15f-435e-901a-1801064b76c2,15.0,1.0,False
223,d54f884b-dcbb-4d63-895f-3ece3aad0875,2022-03-31T00:00:00.000Z,6f9f06c8-2a9e-4b02-86f2-58b00f227e5a,172.5,1.0,False
224,be741864-26f4-4c3c-bdfe-9d064c0a3bcc,2022-04-03T00:00:00.000Z,1430511a-f15f-435e-901a-1801064b76c2,15.0,1.0,False
225,5b184ed1-5f03-4100-b9e8-3e0d5278cbbe,2022-04-18T00:00:00.000Z,1430511a-f15f-435e-901a-1801064b76c2,15.0,1.0,False
226,a96f8150-6a4a-4b30-8d25-fabb583a01c8,2022-04-25T00:00:00.000Z,44aaffac-d0ee-497f-85d3-1bab5daa8f2b,800.0,1.0,False
227,cf22a042-7a5b-4934-bd37-03475151be1d,2022-04-25T00:00:00.000Z,1430511a-f15f-435e-901a-1801064b76c2,650.0,1.0,False
228,78696e07-7305-4279-a591-c0595ca2baca,2022-04-25T00:00:00.000Z,1430511a-f15f-435e-901a-1801064b76c2,15.0,1.0,False
229,144c3ec8-2fa7-474c-bb8f-ef7eec2b92f4,2022-04-25T00:00:00.000Z,1430511a-f15f-435e-901a-1801064b76c2,15.0,1.0,False
230,9f5dcb0b-db1b-4ecd-b0d7-13cf9deb1e62,2022-04-26T00:00:00.000Z,273eb8ed-cc9a-4f69-bc0b-fe80c1c37cd4,2500.0,1.0,False
231,b3db2139-be0c-4969-889d-f4dac4656e17,2022-04-27T00:00:00.000Z,763190a0-8e54-4082-ad28-4b25aaf3b31d,150000.0,1.0,False
232,88bd8741-92ae-43d4-a109-ab2f0f10c990,2022-04-27T00:00:00.000Z,631dbdc8-94f5-4cb9-a9bd-9707873d0581,172.5,1.0,False
233,ceb1df7a-6fb6-48b1-b6a8-30fb646c4ef6,2022-04-28T00:00:00.000Z,1e6ba27d-e209-4b30-8894-8e1190c391e4,115.0,1.0,False
234,194f812a-6aea-489e-b2be-50f6d00ade08,2022-04-28T00:00:00.000Z,7385a88a-9e63-4a8d-b931-616baa7ebb15,1725.0,1.0,False
235,432b168f-32ce-4cdd-a83d-770f606050e4,2022-04-30T00:00:00.000Z,89ea79cb-a445-4720-8368-b0887f4157bb,143.75,20.0,False
236,d66bd36b-fa0b-49a3-8504-1c15a27af202,2022-04-30T00:00:00.000Z,2ef70219-eed4-4d6b-a152-5885e7024b49,230.0,1.0,False
237,7e2516ba-4995-4ede-bcae-2e31cb2d34d8,2022-04-30T00:00:00.000Z,8a6e1df3-67b0-4fc8-ae55-01cc3fc9fa09,1725.0,1.0,False
238,fe156cc1-680f-440e-8797-894559e816c1,2022-04-30T00:00:00.000Z,1430511a-f15f-435e-901a-1801064b76c2,15.0,1.0,False
239,1112bacd-8ddb-48fc-8fe0-c818f43fd52f,2022-04-30T00:00:00.000Z,6f9f06c8-2a9e-4b02-86f2-58b00f227e5a,172.5,1.0,False
240,ed7d1b19-aafe-4b63-a4dd-3c72fc328e4f,2022-04-30T00:00:00.000Z,1430511a-f15f-435e-901a-1801064b76c2,15.0,1.0,False
241,198e58b0-57cd-473a-aae8-0e31027305f3,2022-04-30T00:00:00.000Z,6f9f06c8-2a9e-4b02-86f2-58b00f227e5a,172.5,1.0,False
242,370ba5fa-7445-4c4a-898a-1e6e182d8cdc,2022-04-30T00:00:00.000Z,7385a88a-9e63-4a8d-b931-616baa7ebb15,1725.0,1.0,False
243,aa5c57d9-d7dc-4cae-b3fd-82be977a0ac9,2022-04-30T00:00:00.000Z,89ea79cb-a445-4720-8368-b0887f4157bb,250.0,1.0,False
244,6a2dae41-7cc7-4d49-8c8a-3e48bb2852d4,2022-05-09T00:00:00.000Z,1430511a-f15f-435e-901a-1801064b76c2,650.0,1.0,False
245,d2d53eb8-eea3-4fac-9dc5-0544b703cdfb,2022-05-17T00:00:00.000Z,ed0c58ac-1aa4-41c0-a204-8dc5bc69ad8e,57.5,1.0,False
246,7f71f358-b246-4c13-b5a9-daf7962ece39,2022-05-24T00:00:00.000Z,7385a88a-9e63-4a8d-b931-616baa7ebb15,2875.0,1.0,False
247,e21379e9-0ac8-46f2-8fa8-9fabd336ca36,2022-05-25T00:00:00.000Z,44aaffac-d0ee-497f-85d3-1bab5daa8f2b,1500.0,1.0,False
248,a2abcfc1-60f2-4350-8aaa-86c2d6d239b8,2022-05-25T00:00:00.000Z,1430511a-f15f-435e-901a-1801064b76c2,650.0,1.0,False
249,4c150bfc-4122-4843-a6e4-dc132ca4c559,2022-05-26T00:00:00.000Z,273eb8ed-cc9a-4f69-bc0b-fe80c1c37cd4,2500.0,1.0,False
250,daaadf94-1129-4f68-ac0e-fb91a6428582,2022-05-28T00:00:00.000Z,6f9f06c8-2a9e-4b02-86f2-58b00f227e5a,172.5,1.0,False
251,17182146-cb05-4c8e-a8b4-d8fe086b5d5c,2022-05-30T00:00:00.000Z,1e6f39b7-de54-4df7-aa60-ce090fb54705,2500.0,1.0,False
252,dcc8298e-546a-4ff6-8498-c22fd6b6b105,2022-05-30T00:00:00.000Z,89ea79cb-a445-4720-8368-b0887f4157bb,250.0,1.0,False
253,574ca4f8-9980-4431-bbc9-3e0e36a5640f,2022-05-30T00:00:00.000Z,44aaffac-d0ee-497f-85d3-1bab5daa8f2b,3000.0,1.0,False
254,24624138-4ca1-4ab6-938f-ea7f084b877d,2022-05-30T00:00:00.000Z,0c9af104-858d-44bc-aeba-ba3b4e6b9d5d,11500.0,1.0,False
255,c2d62961-51b3-4b7d-8b19-40a2b56e3c81,2022-05-30T00:00:00.000Z,1430511a-f15f-435e-901a-1801064b76c2,15.0,1.0,False
256,94a909b6-a937-4f9d-93d9-4203b3575038,2022-05-30T00:00:00.000Z,8a6e1df3-67b0-4fc8-ae55-01cc3fc9fa09,1725.0,1.0,False
257,13a0d36a-ce44-41b6-8b5e-a6b68de6d9b9,2022-05-30T00:00:00.000Z,1e6ba27d-e209-4b30-8894-8e1190c391e4,115.0,1.0,False
258,6fa7dda6-7587-413b-85b7-da43e6ac6f6e,2022-05-30T00:00:00.000Z,8a6e1df3-67b0-4fc8-ae55-01cc3fc9fa09,1725.0,1.0,False
259,e4b8c304-bc74-4cdf-844c-1c5ec272079a,2022-05-31T00:00:00.000Z,a3b7040d-4a3b-4106-82e4-f382979ff77b,172.5,1.0,False
260,a04daf5e-8926-4974-833c-428a998a14da,2022-05-31T00:00:00.000Z,ed0c58ac-1aa4-41c0-a204-8dc5bc69ad8e,230.0,1.0,False
261,cf1eb864-9a92-4005-b903-9037c536a0fa,2022-05-31T00:00:00.000Z,0c9af104-858d-44bc-aeba-ba3b4e6b9d5d,23000.0,1.0,False
262,3844d787-6300-4882-9b7c-a4973d2aecd7,2022-05-31T00:00:00.000Z,763190a0-8e54-4082-ad28-4b25aaf3b31d,15000.0,1.0,False
263,4319f294-54c1-487a-91c5-b4b76b2922e6,2022-06-06T00:00:00.000Z,ed0c58ac-1aa4-41c0-a204-8dc5bc69ad8e,69.0,1.0,False
264,15217696-dd20-4ef7-8cae-8ea7a5ed1d71,2022-06-13T00:00:00.000Z,bc9725f8-7e23-44cc-8112-a8f757208369,24150.0,1.0,False
265,4e5531e7-258e-4253-b2a1-e728802113ff,2022-06-13T00:00:00.000Z,ed0c58ac-1aa4-41c0-a204-8dc5bc69ad8e,57.5,1.0,False
266,122d7426-673f-4765-a04a-8b73042ebc02,2022-06-14T00:00:00.000Z,0c9af104-858d-44bc-aeba-ba3b4e6b9d5d,11500.0,1.0,False
267,cf7afcf7-3d40-44e0-a728-b233ce4a9b4b,2022-06-25T00:00:00.000Z,1430511a-f15f-435e-901a-1801064b76c2,650.0,1.0,False
268,b907e6f7-d048-480d-b335-f0ff56e4fe26,2022-06-25T00:00:00.000Z,1430511a-f15f-435e-901a-1801064b76c2,650.0,1.0,False
269,e2af0dfc-248d-4202-9fce-fc379d6f52c7,2022-06-28T00:00:00.000Z,ed0c58ac-1aa4-41c0-a204-8dc5bc69ad8e,154.1,1.0,False
270,9eb5bc0a-a508-4745-8a8b-df8f428b1fc6,2022-06-29T00:00:00.000Z,ed0c58ac-1aa4-41c0-a204-8dc5bc69ad8e,115.0,1.0,False
271,9f33ff18-aeda-44f6-9958-29038e462d1c,2022-06-30T00:00:00.000Z,7385a88a-9e63-4a8d-b931-616baa7ebb15,1725.0,1.0,False
272,f51592b1-51b1-4724-bd42-fe5e09069424,2022-06-30T00:00:00.000Z,89ea79cb-a445-4720-8368-b0887f4157bb,250.0,1.0,False
273,0cba62c2-2d6d-4e44-87c7-6359a19c11ab,2022-06-30T00:00:00.000Z,0c9af104-858d-44bc-aeba-ba3b4e6b9d5d,11500.0,1.0,False
274,bdf42c33-7ccc-442e-9188-407d3b4f83a3,2022-06-30T00:00:00.000Z,8a6e1df3-67b0-4fc8-ae55-01cc3fc9fa09,1725.0,1.0,False
275,c100afe9-f2e9-41b8-860a-34fcb2f98a53,2022-06-30T00:00:00.000Z,1430511a-f15f-435e-901a-1801064b76c2,15.0,1.0,False
276,119feb02-16fc-4288-a196-4ae0d5954a7f,2022-06-30T00:00:00.000Z,7385a88a-9e63-4a8d-b931-616baa7ebb15,1725.0,1.0,False
277,b41eea5b-1578-4c63-9e02-dc50e97b0095,2022-06-30T00:00:00.000Z,1e6ba27d-e209-4b30-8894-8e1190c391e4,115.0,1.0,False
278,b5454fad-8480-41a3-8c24-1e34759689b9,2022-07-17T00:00:00.000Z,44aaffac-d0ee-497f-85d3-1bab5daa8f2b,1500.0,1.0,False
279,1ff325b3-98fe-49fe-880d-a5203ed2c2e6,2022-07-17T00:00:00.000Z,44aaffac-d0ee-497f-85d3-1bab5daa8f2b,1500.0,1.0,False
280,831ffd96-77ad-408c-9209-5371614c326e,2022-07-17T00:00:00.000Z,44aaffac-d0ee-497f-85d3-1bab5daa8f2b,1500.0,1.0,False
281,9e558aac-bf92-4686-9b9b-14d1d9162cdf,2022-07-26T00:00:00.000Z,273eb8ed-cc9a-4f69-bc0b-fe80c1c37cd4,2500.0,1.0,False
282,8693666b-0f16-4906-b34b-8e2559c252e4,2022-07-28T00:00:00.000Z,273eb8ed-cc9a-4f69-bc0b-fe80c1c37cd4,2500.0,1.0,False
283,c91b25f4-1063-4c9a-83e4-cca0145fd5cb,2022-07-28T00:00:00.000Z,6f9f06c8-2a9e-4b02-86f2-58b00f227e5a,172.5,1.0,False
284,b66a480e-b9b2-4b9e-a7a7-e1ea07b26b87,2022-07-28T00:00:00.000Z,44aaffac-d0ee-497f-85d3-1bab5daa8f2b,1500.0,1.0,False
285,f5088b82-c8e0-4f4e-b8b9-6b1220c617a1,2022-07-30T00:00:00.000Z,1e6ba27d-e209-4b30-8894-8e1190c391e4,115.0,1.0,False
286,f1a9f604-d821-46a1-b8a4-e307c2bec0b5,2022-07-30T00:00:00.000Z,7385a88a-9e63-4a8d-b931-616baa7ebb15,1725.0,1.0,False
287,2b1d9ffe-297b-44ae-b67e-a1e3e9bec669,2022-07-30T00:00:00.000Z,1430511a-f15f-435e-901a-1801064b76c2,15.0,1.0,False
288,c160c3a5-342a-4d46-bd3b-9c73ee31718e,2022-07-30T00:00:00.000Z,8a6e1df3-67b0-4fc8-ae55-01cc3fc9fa09,1725.0,1.0,False
289,4da6a91e-8579-4b13-bc9f-d2c5673486f0,2022-07-30T00:00:00.000Z,6f9f06c8-2a9e-4b02-86f2-58b00f227e5a,172.5,1.0,False
290,be5df269-7063-4364-8bc0-ca3315424f5c,2022-08-05T00:00:00.000Z,89ea79cb-a445-4720-8368-b0887f4157bb,250.0,1.0,False
291,2bc6f04b-c4ea-481d-b3b2-39a80752a589,2022-08-15T00:00:00.000Z,c7060a16-02ba-4029-ab85-4369caa9f18a,287.5,1.0,False
292,599e4d6c-5692-4f4c-91d3-627b784a972c,2022-08-25T00:00:00.000Z,1430511a-f15f-435e-901a-1801064b76c2,650.0,1.0,False
293,858a09d5-2d8f-41e0-9290-1a9f4555768e,2022-08-25T00:00:00.000Z,44aaffac-d0ee-497f-85d3-1bab5daa8f2b,1500.0,1.0,False
294,64945c80-fd5b-49d8-aa49-06c0f257d0d4,2022-08-30T00:00:00.000Z,89ea79cb-a445-4720-8368-b0887f4157bb,250.0,1.0,False
295,1a806f2e-da30-496c-81c6-a007200df982,2022-08-30T00:00:00.000Z,7385a88a-9e63-4a8d-b931-616baa7ebb15,1725.0,1.0,False
296,1fc13714-9cfd-451d-86c4-2aad72405552,2022-08-30T00:00:00.000Z,8a6e1df3-67b0-4fc8-ae55-01cc3fc9fa09,1725.0,1.0,False
297,3c9dd000-13ce-4a3c-80ff-5925cb8fddd7,2022-08-30T00:00:00.000Z,6f9f06c8-2a9e-4b02-86f2-58b00f227e5a,172.5,1.0,False
298,c75d6d4a-c1f5-4406-a3d6-7d5c0601c27f,2022-08-30T00:00:00.000Z,1e6ba27d-e209-4b30-8894-8e1190c391e4,115.0,1.0,False
299,d7b2dd4e-732d-4f9e-927e-da8d5cb96b41,2022-08-30T00:00:00.000Z,1430511a-f15f-435e-901a-1801064b76c2,15.0,1.0,False
300,98c74a78-72e5-4931-85c3-b27960e74831,2022-08-31T00:00:00.000Z,273eb8ed-cc9a-4f69-bc0b-fe80c1c37cd4,2500.0,1.0,False
301,6056b9b0-3c41-41a6-885a-2e1241e293ff,2022-09-01T00:00:00.000Z,6f9f06c8-2a9e-4b02-86f2-58b00f227e5a,1150.0,1.0,False
302,ef69a6a3-b35f-4252-bdc4-e36699913a36,2022-09-15T00:00:00.000Z,7385a88a-9e63-4a8d-b931-616baa7ebb15,2300.0,1.0,False
303,f56d4a85-c8c0-4e5a-b959-f5907e3a1102,2022-09-25T00:00:00.000Z,1430511a-f15f-435e-901a-1801064b76c2,650.0,1.0,False
304,03c4cc5b-68e6-4dab-8d5e-2555ea0f1454,2022-09-25T00:00:00.000Z,44aaffac-d0ee-497f-85d3-1bab5daa8f2b,1500.0,1.0,False
305,60e45355-a01d-452c-8d34-3702eea0a1fe,2022-09-26T00:00:00.000Z,273eb8ed-cc9a-4f69-bc0b-fe80c1c37cd4,2500.0,1.0,False
306,f01601a4-bae0-4d4b-b028-bb5919d9850d,2022-09-30T00:00:00.000Z,0c9af104-858d-44bc-aeba-ba3b4e6b9d5d,11500.0,1.0,False
307,05d588ba-1dfe-4d78-ada0-91a6e802cce6,2022-09-30T00:00:00.000Z,6f9f06c8-2a9e-4b02-86f2-58b00f227e5a,2645.0,1.0,False
308,cbfa1678-8cae-43e1-8a28-95303909841d,2022-09-30T00:00:00.000Z,e0857d09-69cc-4608-83b8-7e2083e678a3,5750.0,1.0,False
309,43554511-8375-4768-aaef-ed4f9a6c7232,2022-09-30T00:00:00.000Z,1430511a-f15f-435e-901a-1801064b76c2,15.0,1.0,False
310,001e0eb9-3547-490b-a7aa-c919633abf9a,2022-09-30T00:00:00.000Z,7385a88a-9e63-4a8d-b931-616baa7ebb15,1725.0,1.0,False
311,fe94d20d-76d2-4310-8707-81b3f5ef771a,2022-09-30T00:00:00.000Z,6f9f06c8-2a9e-4b02-86f2-58b00f227e5a,172.5,1.0,False
312,f7b3ae70-47eb-4bc5-954d-48f30dd26887,2022-09-30T00:00:00.000Z,763190a0-8e54-4082-ad28-4b25aaf3b31d,67500.0,1.0,False
313,4df7013f-1945-4dcd-b4b5-421d408bc661,2022-09-30T00:00:00.000Z,1e6ba27d-e209-4b30-8894-8e1190c391e4,115.0,1.0,False
314,1ec876b6-dc56-4285-8707-ef6efd98bb4f,2022-09-30T00:00:00.000Z,0c9af104-858d-44bc-aeba-ba3b4e6b9d5d,11500.0,1.0,False
315,e0f71813-e66e-408b-b9ed-69421e11a550,2022-09-30T00:00:00.000Z,89ea79cb-a445-4720-8368-b0887f4157bb,250.0,1.0,False
316,2f08d4ed-8fc1-45fb-8f1e-770d2385f28d,2022-10-25T00:00:00.000Z,1430511a-f15f-435e-901a-1801064b76c2,650.0,1.0,False
317,901f9b03-c637-482e-a329-6069af788487,2022-10-25T00:00:00.000Z,44aaffac-d0ee-497f-85d3-1bab5daa8f2b,1500.0,1.0,False
318,1c8d5325-26e0-4e3a-9db6-73d0fe793718,2022-10-26T00:00:00.000Z,273eb8ed-cc9a-4f69-bc0b-fe80c1c37cd4,2500.0,1.0,False
319,72768966-8129-46af-8b6b-69801d426e63,2022-10-30T00:00:00.000Z,0c9af104-858d-44bc-aeba-ba3b4e6b9d5d,11500.0,1.0,False
320,ee5fee95-c2f4-4b2c-938d-ed71342848f2,2022-10-30T00:00:00.000Z,6f9f06c8-2a9e-4b02-86f2-58b00f227e5a,172.5,1.0,False
321,5db1d65c-cbf6-4a73-aa30-2aacf5e182c6,2022-10-30T00:00:00.000Z,89ea79cb-a445-4720-8368-b0887f4157bb,250.0,1.0,False
322,b30666b1-bbdb-4be4-a458-7006ce5079d4,2022-10-30T00:00:00.000Z,1e6ba27d-e209-4b30-8894-8e1190c391e4,115.0,1.0,False
323,9e556b7f-aa04-40cd-979e-d5fb8ec426be,2022-10-30T00:00:00.000Z,1430511a-f15f-435e-901a-1801064b76c2,15.0,1.0,False
324,adde8c76-e6cf-4625-84bf-5a7ecea23ee4,2022-10-30T00:00:00.000Z,7385a88a-9e63-4a8d-b931-616baa7ebb15,1725.0,1.0,False
325,54e40133-6b5e-4d60-87da-e3e11a6b8bd3,2022-10-30T00:00:00.000Z,8a6e1df3-67b0-4fc8-ae55-01cc3fc9fa09,1725.0,1.0,False
326,7d9bd7c5-a678-448c-9555-3d06c7a07d27,2022-10-30T00:00:00.000Z,8a6e1df3-67b0-4fc8-ae55-01cc3fc9fa09,1725.0,1.0,False
327,d4f17807-eaca-4bfc-9619-93d413b7483d,2022-10-31T00:00:00.000Z,a3b7040d-4a3b-4106-82e4-f382979ff77b,2012.5,1.0,False
328,c9c9cea6-0ec6-486f-8450-cf8e7a3f6144,2022-10-31T00:00:00.000Z,763190a0-8e54-4082-ad28-4b25aaf3b31d,11500.0,1.0,False
329,5a0ef43d-0fb2-4b8b-9196-db4c8ec47548,2022-10-31T00:00:00.000Z,763190a0-8e54-4082-ad28-4b25aaf3b31d,11500.0,1.0,False
330,7f50c58e-ea1f-4631-ae0a-54d40b76c296,2022-11-05T00:00:00.000Z,89ea79cb-a445-4720-8368-b0887f4157bb,250.0,1.0,False
331,6441a99c-b4c9-4ef5-aa44-75660264e59d,2022-11-15T00:00:00.000Z,bc9725f8-7e23-44cc-8112-a8f757208369,4916.25,1.0,False
332,6ebe9884-a9a5-4130-a35d-fa4e5048b1a5,2022-11-25T00:00:00.000Z,44aaffac-d0ee-497f-85d3-1bab5daa8f2b,1500.0,1.0,False
333,d86917c5-52c9-4f48-8335-655fce61e95e,2022-11-25T00:00:00.000Z,1430511a-f15f-435e-901a-1801064b76c2,650.0,1.0,False
334,b17188aa-1676-4b31-9ec5-f56d0b6358b2,2022-11-26T00:00:00.000Z,273eb8ed-cc9a-4f69-bc0b-fe80c1c37cd4,2500.0,1.0,False
335,7a4e5a60-5bd3-4d6c-9684-ddd26263387b,2022-11-30T00:00:00.000Z,8a6e1df3-67b0-4fc8-ae55-01cc3fc9fa09,1725.0,1.0,False
336,ea46fcf8-c339-4b9e-811d-8eda352e16d0,2022-11-30T00:00:00.000Z,6f9f06c8-2a9e-4b02-86f2-58b00f227e5a,172.5,1.0,False
337,2c14b939-d841-4596-8abe-0ba9fa1dc7aa,2022-11-30T00:00:00.000Z,7385a88a-9e63-4a8d-b931-616baa7ebb15,1725.0,1.0,False
338,74d3aeca-1a2d-4176-a659-f1d59d3cdf1a,2022-11-30T00:00:00.000Z,1e6ba27d-e209-4b30-8894-8e1190c391e4,115.0,1.0,False
339,cad9dbab-74b7-426c-b020-aafa85c835bc,2022-11-30T00:00:00.000Z,0c9af104-858d-44bc-aeba-ba3b4e6b9d5d,11500.0,1.0,False
340,73a619cc-d66e-4e29-8f0e-387cdfadc04d,2022-11-30T00:00:00.000Z,1430511a-f15f-435e-901a-1801064b76c2,15.0,1.0,False
341,15f7ab9c-f357-4736-b87d-49f9e4cd5762,2022-12-25T00:00:00.000Z,44aaffac-d0ee-497f-85d3-1bab5daa8f2b,1500.0,1.0,False
342,3caae834-acac-4c5a-a543-0766d0fd7a47,2022-12-25T00:00:00.000Z,1430511a-f15f-435e-901a-1801064b76c2,650.0,1.0,False
343,333bf7a3-9af0-4f08-9fe0-c18898d290fc,2022-12-30T00:00:00.000Z,8a6e1df3-67b0-4fc8-ae55-01cc3fc9fa09,1725.0,1.0,False
344,40fb3233-33e5-4b60-aa68-e51497123230,2022-12-30T00:00:00.000Z,0c9af104-858d-44bc-aeba-ba3b4e6b9d5d,11500.0,1.0,False
345,c9b7ca01-ff20-42b3-945c-f349388c65a9,2022-12-30T00:00:00.000Z,7385a88a-9e63-4a8d-b931-616baa7ebb15,1725.0,1.0,False
346,789eb391-1739-4bbd-9534-140b368620e9,2022-12-30T00:00:00.000Z,6f9f06c8-2a9e-4b02-86f2-58b00f227e5a,172.5,1.0,False
347,ba37939b-42a5-4c55-adce-fef9ebd43d4c,2022-12-30T00:00:00.000Z,1430511a-f15f-435e-901a-1801064b76c2,15.0,1.0,False
348,b23bc08a-9944-40e7-82c8-32566f84904f,2022-12-30T00:00:00.000Z,1e6ba27d-e209-4b30-8894-8e1190c391e4,115.0,1.0,False
349,609c7248-ad65-4fb2-868c-88cc4e558a9a,2023-01-04T00:00:00.000Z,c7060a16-02ba-4029-ab85-4369caa9f18a,5750.0,1.0,False
350,258443ed-6a54-46c8-b819-12f3dea02b3d,2023-01-08T00:00:00.000Z,273eb8ed-cc9a-4f69-bc0b-fe80c1c37cd4,2500.0,1.0,False
351,bc964c43-cd75-443d-b55b-736364de6a27,2023-01-09T00:00:00.000Z,1e6ba27d-e209-4b30-8894-8e1190c391e4,115.0,1.0,False
352,60bffec9-a2d8-4900-aadd-5db174adcb27,2023-01-17T00:00:00.000Z,89ea79cb-a445-4720-8368-b0887f4157bb,250.0,1.0,False
353,36850cda-b361-4a02-a21f-72eb894e5da5,2023-01-25T00:00:00.000Z,0c9af104-858d-44bc-aeba-ba3b4e6b9d5d,11500.0,1.0,False
354,f3f1cc3e-c96b-4a0a-8fdc-580809974176,2023-01-25T00:00:00.000Z,44aaffac-d0ee-497f-85d3-1bab5daa8f2b,1500.0,1.0,False
355,870cb156-aa09-4899-ab63-da40c1c36f6c,2023-01-25T00:00:00.000Z,1430511a-f15f-435e-901a-1801064b76c2,650.0,1.0,False
356,9da8fb60-524a-4e1b-bcee-7cf5d23eb454,2023-01-26T00:00:00.000Z,273eb8ed-cc9a-4f69-bc0b-fe80c1c37cd4,2500.0,1.0,False
357,8aec0f3e-ea44-44bf-8679-4ae9a41b04fc,2023-01-30T00:00:00.000Z,6f9f06c8-2a9e-4b02-86f2-58b00f227e5a,172.5,1.0,False
358,f1cb24f0-fdcb-4a0f-ae55-036769a2a2ca,2023-01-30T00:00:00.000Z,1430511a-f15f-435e-901a-1801064b76c2,15.0,1.0,False
359,4f2828a3-fae9-4ba3-af53-9b5be2fad0cc,2023-01-30T00:00:00.000Z,89ea79cb-a445-4720-8368-b0887f4157bb,250.0,1.0,False
360,898b2fa2-f975-4785-a27c-416603a6e44f,2023-01-30T00:00:00.000Z,7385a88a-9e63-4a8d-b931-616baa7ebb15,1725.0,1.0,False
361,cae257e0-232b-4201-9e39-a5549cfc5712,2023-01-31T00:00:00.000Z,8a6e1df3-67b0-4fc8-ae55-01cc3fc9fa09,1725.0,1.0,False
362,18509de6-163c-48c6-b2b4-a76f7f495a2f,2023-02-04T00:00:00.000Z,c7060a16-02ba-4029-ab85-4369caa9f18a,5750.0,1.0,False
363,9acdde8e-af63-4442-b4ca-1e6441d25785,2023-02-15T00:00:00.000Z,7385a88a-9e63-4a8d-b931-616baa7ebb15,1725.0,1.0,False
364,768b01ce-03e3-428e-8327-f09a72f8ae66,2023-02-25T00:00:00.000Z,44aaffac-d0ee-497f-85d3-1bab5daa8f2b,1500.0,1.0,False
365,aeb15588-a667-4536-bab0-e05df1c35a13,2023-02-25T00:00:00.000Z,1430511a-f15f-435e-901a-1801064b76c2,650.0,1.0,False
366,9adad52f-0140-4cc9-9493-c44c6ac3e1f4,2023-02-26T00:00:00.000Z,273eb8ed-cc9a-4f69-bc0b-fe80c1c37cd4,2500.0,1.0,False
367,d7740780-07be-42a8-8756-421e409122db,2023-02-28T00:00:00.000Z,6f9f06c8-2a9e-4b02-86f2-58b00f227e5a,172.5,1.0,False
368,0417b2af-ce23-4691-b201-ecda2d40fc1d,2023-02-28T00:00:00.000Z,7385a88a-9e63-4a8d-b931-616baa7ebb15,1725.0,1.0,False
369,f261dcd3-fc96-4bfa-b231-98dc54c39173,2023-02-28T00:00:00.000Z,1e6ba27d-e209-4b30-8894-8e1190c391e4,115.0,1.0,False
370,d7dee8b8-c9c1-46e9-b89b-97550efe2f18,2023-02-28T00:00:00.000Z,0c9af104-858d-44bc-aeba-ba3b4e6b9d5d,11500.0,1.0,False
371,184ccb93-776a-4706-9998-ad6ec602eb3a,2023-02-28T00:00:00.000Z,8a6e1df3-67b0-4fc8-ae55-01cc3fc9fa09,1725.0,1.0,False
372,a57e3f9a-7a1f-42b3-934d-4c5ef5b2585e,2023-02-28T00:00:00.000Z,1430511a-f15f-435e-901a-1801064b76c2,15.0,1.0,False
373,fdab2117-3d0b-4b11-8de5-b896c8363c60,2023-02-28T00:00:00.000Z,89ea79cb-a445-4720-8368-b0887f4157bb,250.0,1.0,False
374,75ebc948-d1f7-46ea-8855-e0c90f3c2d32,2023-03-04T00:00:00.000Z,c7060a16-02ba-4029-ab85-4369caa9f18a,5750.0,1.0,False
375,4ce690ad-f1b9-4683-b3cc-870a1f9485fb,2023-03-25T00:00:00.000Z,44aaffac-d0ee-497f-85d3-1bab5daa8f2b,1500.0,1.0,False
376,7c2a93d5-a182-4728-bda5-c6d40179e11f,2023-03-25T00:00:00.000Z,1430511a-f15f-435e-901a-1801064b76c2,650.0,1.0,False
377,63151d0e-07d9-4edc-ae04-26bf4945d340,2023-03-30T00:00:00.000Z,8a6e1df3-67b0-4fc8-ae55-01cc3fc9fa09,1725.0,1.0,False
378,75030fb0-6495-4dad-a97a-3dd8abb0bfd4,2023-03-30T00:00:00.000Z,89ea79cb-a445-4720-8368-b0887f4157bb,250.0,1.0,False
379,d4b386f3-72c7-4d45-91fe-74edad48f2dd,2023-03-30T00:00:00.000Z,1e6ba27d-e209-4b30-8894-8e1190c391e4,115.0,1.0,False
380,7e45e002-d2f6-4a6c-b713-5d9b25d157e9,2023-03-30T00:00:00.000Z,6f9f06c8-2a9e-4b02-86f2-58b00f227e5a,172.5,1.0,False
381,30b4d66a-ffc2-4020-b542-7d767199873a,2023-03-30T00:00:00.000Z,0c9af104-858d-44bc-aeba-ba3b4e6b9d5d,11500.0,1.0,False
382,a1ef1c1c-941c-45c3-aec2-c5ea42ca11e7,2023-03-30T00:00:00.000Z,7385a88a-9e63-4a8d-b931-616baa7ebb15,1725.0,1.0,False
383,5f23e096-9cd7-42e8-b3d7-0810b3525bb0,2023-03-30T00:00:00.000Z,1430511a-f15f-435e-901a-1801064b76c2,15.0,1.0,False
384,5442d3d3-7a18-445a-b8e5-bf9643d7d5aa,2023-04-04T00:00:00.000Z,c7060a16-02ba-4029-ab85-4369caa9f18a,5750.0,1.0,False
385,9384c421-7e9d-4731-b111-ce332459c155,2023-04-25T00:00:00.000Z,44aaffac-d0ee-497f-85d3-1bab5daa8f2b,1500.0,1.0,False
386,f3d33d05-f25a-42dc-ac64-e02aa82a3ea7,2023-04-25T00:00:00.000Z,1430511a-f15f-435e-901a-1801064b76c2,650.0,1.0,False
387,ec89dc5f-d93a-425a-9939-668d65187a06,2023-04-26T00:00:00.000Z,273eb8ed-cc9a-4f69-bc0b-fe80c1c37cd4,2500.0,1.0,False
388,8735700a-9960-43a2-b8ef-d50b0968ecba,2023-04-30T00:00:00.000Z,8a6e1df3-67b0-4fc8-ae55-01cc3fc9fa09,1725.0,1.0,False
389,99129b89-0fe2-42c8-9fad-4f09028e3f46,2023-04-30T00:00:00.000Z,0c9af104-858d-44bc-aeba-ba3b4e6b9d5d,11500.0,1.0,False
390,47960026-6014-4b2f-98da-a0e7d393c6d7,2023-04-30T00:00:00.000Z,1e6ba27d-e209-4b30-8894-8e1190c391e4,115.0,1.0,False
391,1f4dc006-bb03-4abc-b90e-ce63854b13dd,2023-04-30T00:00:00.000Z,89ea79cb-a445-4720-8368-b0887f4157bb,250.0,1.0,False
392,6b1bfc89-01f1-4f90-9485-4fa477342a84,2023-04-30T00:00:00.000Z,1430511a-f15f-435e-901a-1801064b76c2,15.0,1.0,False
393,5a32a7f2-8cdc-4ed8-b5c5-043465c8554f,2023-04-30T00:00:00.000Z,7385a88a-9e63-4a8d-b931-616baa7ebb15,1725.0,1.0,False
394,1bf82f76-c866-4976-a9fd-3690ccccf9d9,2023-04-30T00:00:00.000Z,6f9f06c8-2a9e-4b02-86f2-58b00f227e5a,172.5,1.0,False
395,373f5358-10d4-415e-95f2-cba2a9e7168c,2023-05-04T00:00:00.000Z,c7060a16-02ba-4029-ab85-4369caa9f18a,5750.0,1.0,False
396,58341d8c-5a59-46bf-b2a9-134df003573b,2023-05-25T00:00:00.000Z,44aaffac-d0ee-497f-85d3-1bab5daa8f2b,1500.0,1.0,False
397,3ff83df1-2792-4e74-87c6-a3896c79cd87,2023-05-25T00:00:00.000Z,1430511a-f15f-435e-901a-1801064b76c2,650.0,1.0,False
398,ff997ae6-fd11-44b3-83fe-5fa1bc3c25e9,2023-05-26T00:00:00.000Z,273eb8ed-cc9a-4f69-bc0b-fe80c1c37cd4,2500.0,1.0,False
399,6931ad46-b763-46e8-8ddb-60240765689f,2023-05-26T00:00:00.000Z,273eb8ed-cc9a-4f69-bc0b-fe80c1c37cd4,2500.0,1.0,False
400,7cc3b995-47bf-424b-a08b-3606b05e25c9,2023-05-30T00:00:00.000Z,8a6e1df3-67b0-4fc8-ae55-01cc3fc9fa09,1725.0,1.0,False
401,feef166b-7bbb-4fb0-955e-192949d40422,2023-05-30T00:00:00.000Z,6f9f06c8-2a9e-4b02-86f2-58b00f227e5a,172.5,1.0,False
402,a9641375-c608-4e12-b2e7-6bb69eadaeb7,2023-05-30T00:00:00.000Z,89ea79cb-a445-4720-8368-b0887f4157bb,250.0,1.0,False
403,c2a06d94-7281-4a73-bac9-c88ee5021539,2023-05-30T00:00:00.000Z,1e6ba27d-e209-4b30-8894-8e1190c391e4,115.0,1.0,False
404,e7b11420-9780-4258-921b-2570ae53c305,2023-05-30T00:00:00.000Z,7385a88a-9e63-4a8d-b931-616baa7ebb15,1725.0,1.0,False
405,6d8eff49-025a-489a-b349-5ad04ce8c7c9,2023-05-30T00:00:00.000Z,1430511a-f15f-435e-901a-1801064b76c2,15.0,1.0,False
406,e43d1044-feb6-404f-9f24-077376e0942c,2023-05-30T00:00:00.000Z,0c9af104-858d-44bc-aeba-ba3b4e6b9d5d,11500.0,1.0,False
407,5460ad35-1cdc-4547-8740-825dfcbdb725,2023-06-01T00:00:00.000Z,6f9f06c8-2a9e-4b02-86f2-58b00f227e5a,1480.0,1.0,False
408,d30cb47b-3e10-4c00-9e35-6b8bc327dce4,2023-06-04T00:00:00.000Z,c7060a16-02ba-4029-ab85-4369caa9f18a,5750.0,1.0,False
409,fd434b6b-5f5c-4425-bd9f-32b4309cdba2,2023-06-14T00:00:00.000Z,2ef70219-eed4-4d6b-a152-5885e7024b49,2000.0,1.0,False
410,7110890a-50fa-431a-9b6c-745440eef141,2023-06-25T00:00:00.000Z,1430511a-f15f-435e-901a-1801064b76c2,650.0,1.0,False
411,7e6b748b-e6d2-4245-a4b4-927d840b90dc,2023-06-25T00:00:00.000Z,273eb8ed-cc9a-4f69-bc0b-fe80c1c37cd4,2500.0,1.0,False
412,a53b780d-9460-43a4-864d-8c6f48a6b87a,2023-06-26T00:00:00.000Z,44aaffac-d0ee-497f-85d3-1bab5daa8f2b,1482.16,1.0,False
413,fc4a7eb3-ce43-40aa-953b-2c8ba4e785ee,2023-06-26T00:00:00.000Z,273eb8ed-cc9a-4f69-bc0b-fe80c1c37cd4,2500.0,1.0,False
414,4a4b3c79-ad4e-4dfd-a055-61b836e67754,2023-06-28T00:00:00.000Z,1430511a-f15f-435e-901a-1801064b76c2,1000.0,1.0,False
415,24adcd5e-f4ce-48b3-84d6-6c80e6bae7c8,2023-06-30T00:00:00.000Z,89ea79cb-a445-4720-8368-b0887f4157bb,250.0,1.0,False
416,599c3044-91e9-4f4e-aaa3-ad951788ab06,2023-06-30T00:00:00.000Z,6f9f06c8-2a9e-4b02-86f2-58b00f227e5a,172.5,1.0,False
417,ff1a9426-db3e-42a4-81e8-c89e0b19e5e0,2023-06-30T00:00:00.000Z,8a6e1df3-67b0-4fc8-ae55-01cc3fc9fa09,1725.0,1.0,False
418,d91da927-76d6-4caa-8a5c-6884e2095508,2023-06-30T00:00:00.000Z,1430511a-f15f-435e-901a-1801064b76c2,15.0,1.0,False
419,266e4773-78a7-47e8-bdba-7a0452cdc950,2023-06-30T00:00:00.000Z,0c9af104-858d-44bc-aeba-ba3b4e6b9d5d,11500.0,1.0,False
420,266687c7-75dc-42e8-abf0-5222e2c4173e,2023-06-30T00:00:00.000Z,7385a88a-9e63-4a8d-b931-616baa7ebb15,1725.0,1.0,False
421,a8b4004d-b4ef-42ed-8c79-d6ad0545e678,2023-06-30T00:00:00.000Z,1e6ba27d-e209-4b30-8894-8e1190c391e4,115.0,1.0,False
422,49d32b69-cb38-4dda-9434-c877d0bf0778,2023-06-30T00:00:00.000Z,273eb8ed-cc9a-4f69-bc0b-fe80c1c37cd4,357.0,1.0,False
423,f3e0f4ae-ace4-44be-a3c4-97a5d9bf2e14,2023-07-01T00:00:00.000Z,0df15899-fae7-43f6-84ca-c23c1d71aaec,1500.0,1.0,False
424,261f0b30-935c-4314-ab14-1bf744effdce,2023-07-04T00:00:00.000Z,c7060a16-02ba-4029-ab85-4369caa9f18a,5750.0,1.0,False
425,aaece596-5b57-435e-aaec-2932198cf6e8,2023-07-25T00:00:00.000Z,1430511a-f15f-435e-901a-1801064b76c2,650.0,1.0,False
426,6bfbaa80-f027-4eff-b923-30b3c98b2afb,2023-07-25T00:00:00.000Z,44aaffac-d0ee-497f-85d3-1bab5daa8f2b,1500.0,1.0,False
427,a9ae9711-567c-4a23-846b-89137a28cbe8,2023-07-26T00:00:00.000Z,273eb8ed-cc9a-4f69-bc0b-fe80c1c37cd4,2500.0,1.0,False
428,711ddc21-6df2-45c8-8dbc-604648fa0b66,2023-07-30T00:00:00.000Z,1e6ba27d-e209-4b30-8894-8e1190c391e4,115.0,1.0,False
429,5eb4df21-085e-4c4a-8a1b-2a390e4b0885,2023-07-30T00:00:00.000Z,6f9f06c8-2a9e-4b02-86f2-58b00f227e5a,172.5,1.0,False
430,ee66b614-fbc1-4a55-9843-f9af92ad9f17,2023-07-30T00:00:00.000Z,1430511a-f15f-435e-901a-1801064b76c2,15.0,1.0,False
431,8d58e2a8-04c0-4e60-9ec5-a70c607b6e4b,2023-07-30T00:00:00.000Z,89ea79cb-a445-4720-8368-b0887f4157bb,250.0,1.0,False
432,43e73666-4b50-4fa1-b262-4815e51b6c0b,2023-07-30T00:00:00.000Z,8a6e1df3-67b0-4fc8-ae55-01cc3fc9fa09,1725.0,1.0,False
433,2b957ed1-86f3-4409-bbb5-e836f68d090a,2023-07-30T00:00:00.000Z,7385a88a-9e63-4a8d-b931-616baa7ebb15,1725.0,1.0,False
434,f5762132-c151-4982-83a7-5b751e3f46f7,2023-07-30T00:00:00.000Z,0c9af104-858d-44bc-aeba-ba3b4e6b9d5d,11500.0,1.0,False
435,545e0a4a-598d-4555-9f06-620fa2e5cacb,2023-08-01T00:00:00.000Z,c7060a16-02ba-4029-ab85-4369caa9f18a,5750.0,1.0,False
436,ce64d1c5-9e8e-40fb-a4e8-1019f4cecf96,2023-08-01T00:00:00.000Z,0c9af104-858d-44bc-aeba-ba3b4e6b9d5d,11500.0,1.0,False
437,41f522e3-af0c-406b-b956-d9037d73a66e,2023-08-01T00:00:00.000Z,1430511a-f15f-435e-901a-1801064b76c2,650.0,1.0,False
438,bd5b6138-f482-4b0f-bf5a-d63bf7961017,2023-08-01T00:00:00.000Z,1e6ba27d-e209-4b30-8894-8e1190c391e4,115.0,1.0,False
